GameUID,PitchNo,PitchUID,PlayID,Date,Time,UTCDate,UTCTime,LocalDateTime,UTCDateTime,PitcherTeam,BatterTeam,PitchCall,PlayResult,DetectedShift,1B_PositionAtReleaseX,1B_PositionAtReleaseZ,2B_PositionAtReleaseX,2B_PositionAtReleaseZ,3B_PositionAtReleaseX,3B_PositionAtReleaseZ,SS_PositionAtReleaseX,SS_PositionAtReleaseZ,LF_PositionAtReleaseX,LF_PositionAtReleaseZ,CF_PositionAtReleaseX,CF_PositionAtReleaseZ,RF_PositionAtReleaseX,RF_PositionAtReleaseZ,1B_Name,1B_Id,2B_Name,2B_Id,3B_Name,3B_Id,SS_Name,SS_Id,LF_Name,LF_Id,CF_Name,CF_Id,RF_Name,RF_Id,FHC
ad4bdedf-bbbe-4648-8c77-f12c06f086d1,1,548e0d90-0353-11f0-b60c-870d2ae4b4f3,bdfda2db-12e5-41eb-a152-781f0caa51b5,2025-03-17,13:14:46.20,2025-03-17,17:14:46.20,2025-03-17T13:14:46.2062080-04:00,2025-03-17T17:14:46.2062080Z,GEO_PAT,GEO_PAT,BallCalled,Undefined,NoShift,133.39105,96.25292,167.52306,49.1219,,,162.18616,-6.72893,,,,,166.72327,159.59456,"Capers, Tripp",10118940,"Tomlinson, Ty",1000364327,"Barenz, Nick",1000218914,"Kozlowski, Jake",1000091696,"Edmonds, Ryan",10323588,"Knox, Connor",1000143373,"Ertel, Brant",10021556,true
ad4bdedf-bbbe-4648-8c77-f12c06f086d1,2,5a6d8060-0353-11f0-b60c-870d2ae4b4f3,4c17bca7-4cb6-40a9-bfe9-70ebd33f81a8,2025-03-17,13:14:55.93,2025-03-17,17:14:55.93,2025-03-17T13:14:55.9351808-04:00,2025-03-17T17:14:55.9351808Z,GEO_PAT,GEO_PAT,InPlay,Out,NoShift,138.43984,93.75267,164.01751,46.25508,128.05266,-94.06964,,,,,,,,,"Capers, Tripp",10118940,"Tomlinson, Ty",1000364327,"Barenz, Nick",1000218914,"Kozlowski, Jake",1000091696,"Edmonds, Ryan",10323588,"Knox, Connor",1000143373,"Ertel, Brant",10021556,true
ad4bdedf-bbbe-4648-8c77-f12c06f086d1,3,69e7c050-0353-11f0-b60c-870d2ae4b4f3,939bac1a-13e4-4e1b-a479-338183a9c003,2025-03-17,13:15:22.00,2025-03-17,17:15:22.00,2025-03-17T13:15:22.0090880-04:00,2025-03-17T17:15:22.0090880Z,GEO_PAT,GEO_PAT,BallCalled,Undefined,NoShift,135.43141,105.78491,167.9271,43.7309,,,,,,,,,,,"Capers, Tripp",10118940,"Tomlinson, Ty",1000364327,"Barenz, Nick",1000218914,"Kozlowski, Jake",1000091696,"Edmonds, Ryan",10323588,"Knox, Connor",1000143373,"Ertel, Brant",10021556,true
ad4bdedf-bbbe-4648-8c77-f12c06f086d1,4,70416c30-0353-11f0-b60c-870d2ae4b4f3,4fc65834-160d-44d8-aa21-be8b220ec52a,2025-03-17,13:15:32.55,2025-03-17,17:15:32.55,2025-03-17T13:15:32.5523456-04:00,2025-03-17T17:15:32.5523456Z,GEO_PAT,GEO_PAT,StrikeCalled,Undefined,NoShift,132.54597,104.71765,161.24856,50.78016,,,,,,,,,,,"Capers, Tripp",10118940,"Tomlinson, Ty",1000364327,"Barenz, Nick",1000218914,"Kozlowski, Jake",1000091696,"Edmonds, Ryan",10323588,"Knox, Connor",1000143373,"Ertel, Brant",10021556,true
ad4bdedf-bbbe-4648-8c77-f12c06f086d1,5,77ff14e0-0353-11f0-b60c-870d2ae4b4f3,0c776d00-fbfe-4555-9e3c-d8908bb7d700,2025-03-17,13:15:45.70,2025-03-17,17:15:45.70,2025-03-17T13:15:45.7076736-04:00,2025-03-17T17:15:45.7076736Z,GEO_PAT,GEO_PAT,BallCalled,Undefined,NoShift,130.40015,108.37209,157.14327,62.01338,,,,,,,,,167.27112,150.39178,"Capers, Tripp",10118940,"Tomlinson, Ty",1000364327,"Barenz, Nick",1000218914,"Kozlowski, Jake",1000091696,"Edmonds, Ryan",10323588,"Knox, Connor",1000143373,"Ertel, Brant",10021556,true
ad4bdedf-bbbe-4648-8c77-f12c06f086d1,6,7e92e390-0353-11f0-b60c-870d2ae4b4f3,8a43e4a9-ec9a-4bee-9f69-63504e89a3c7,2025-03-17,13:15:56.64,2025-03-17,17:15:56.64,2025-03-17T13:15:56.6413824-04:00,2025-03-17T17:15:56.6413824Z,GEO_PAT,GEO_PAT,BallCalled,Undefined,NoShift,163.41863,116.00276,154.62475,65.29257,,,,,,,,,175.76638,162.39605,"Capers, Tripp",10118940,"Tomlinson, Ty",1000364327,"Barenz, Nick",1000218914,"Kozlowski, Jake",1000091696,"Edmonds, Ryan",10323588,"Knox, Connor",1000143373,"Ertel, Brant",10021556,true
ad4bdedf-bbbe-4648-8c77-f12c06f086d1,7,86097120-0353-11f0-b60c-870d2ae4b4f3,b5bbfd7e-faa3-4efc-a64d-2af43c081e10,2025-03-17,13:16:09.23,2025-03-17,17:16:09.23,2025-03-17T13:16:09.2390912-04:00,2025-03-17T17:16:09.2390912Z,GEO_PAT,GEO_PAT,BallCalled,Undefined,NoShift,127.29977,111.31401,145.23806,73.97079,,,,,,,,,,,"Capers, Tripp",10118940,"Tomlinson, Ty",1000364327,"Barenz, Nick",1000218914,"Kozlowski, Jake",1000091696,"Edmonds, Ryan",10323588,"Knox, Connor",1000143373,"Ertel, Brant",10021556,true
ad4bdedf-bbbe-4648-8c77-f12c06f086d1,8,9263d370-0353-11f0-b60c-870d2ae4b4f3,306f7aae-cd2b-479c-8ecb-21be465df343,2025-03-17,13:16:29.71,2025-03-17,17:16:29.71,2025-03-17T13:16:29.7158656-04:00,2025-03-17T17:16:29.7158656Z,GEO_PAT,GEO_PAT,StrikeCalled,Undefined,NoShift,133.32687,109.72364,154.08402,65.0046,,,,,,,,,179.72432,122.85467,"Capers, Tripp",10118940,"Tomlinson, Ty",1000364327,"Barenz, Nick",1000218914,"Kozlowski, Jake",1000091696,"Edmonds, Ryan",10323588,"Knox, Connor",1000143373,"Ertel, Brant",10021556,true
ad4bdedf-bbbe-4648-8c77-f12c06f086d1,9,992a71f0-0353-11f0-b60c-870d2ae4b4f3,85970619-37b0-495b-9341-e7831704a353,2025-03-17,13:16:41.07,2025-03-17,17:16:41.07,2025-03-17T13:16:41.0795520-04:00,2025-03-17T17:16:41.0795520Z,GEO_PAT,GEO_PAT,StrikeCalled,Undefined,NoShift,148.22053,121.7332,157.91504,69.46856,,,,,,,,,186.31761,144.72486,"Capers, Tripp",10118940,"Tomlinson, Ty",1000364327,"Barenz, Nick",1000218914,"Kozlowski, Jake",1000091696,"Edmonds, Ryan",10323588,"Knox, Connor",1000143373,"Ertel, Brant",10021556,true
ad4bdedf-bbbe-4648-8c77-f12c06f086d1,10,a09789a0-0353-11f0-b60c-870d2ae4b4f3,0214da1a-863a-4c1a-a6e6-a60e773924fb,2025-03-17,13:16:53.80,2025-03-17,17:16:53.80,2025-03-17T13:16:53.8074112-04:00,2025-03-17T17:16:53.8074112Z,GEO_PAT,GEO_PAT,BallCalled,Undefined,NoShift,116.51382,102.20354,177.69359,116.07176,,,,,,,,,196.15849,137.69632,"Capers, Tripp",10118940,"Tomlinson, Ty",1000364327,"Barenz, Nick",1000218914,"Kozlowski, Jake",1000091696,"Edmonds, Ryan",10323588,"Knox, Connor",1000143373,"Ertel, Brant",10021556,true
ad4bdedf-bbbe-4648-8c77-f12c06f086d1,11,a9157510-0353-11f0-b60c-870d2ae4b4f3,0e117d06-b223-412b-bcb7-1db6c5b7e3fa,2025-03-17,13:17:07.83,2025-03-17,17:17:07.83,2025-03-17T13:17:07.8370816-04:00,2025-03-17T17:17:07.8370816Z,GEO_PAT,GEO_PAT,FoulBallNotFieldable,Undefined,NoShift,113.50887,103.08645,107.2819,-1.29466,,,,,,,,,201.251,143.27225,"Capers, Tripp",10118940,"Tomlinson, Ty",1000364327,"Barenz, Nick",1000218914,"Kozlowski, Jake",1000091696,"Edmonds, Ryan",10323588,"Knox, Connor",1000143373,"Ertel, Brant",10021556,true
ad4bdedf-bbbe-4648-8c77-f12c06f086d1,12,b6044f30-0353-11f0-b60c-870d2ae4b4f3,d33152c5-f93e-49af-b5c5-b16dc9ac6e39,2025-03-17,13:17:29.55,2025-03-17,17:17:29.55,2025-03-17T13:17:29.5508992-04:00,2025-03-17T17:17:29.5508992Z,GEO_PAT,GEO_PAT,BallCalled,Undefined,NoShift,117.24637,103.1323,105.72436,-1.2043,,,,,,,,,174.42102,126.63588,"Capers, Tripp",10118940,"Tomlinson, Ty",1000364327,"Barenz, Nick",1000218914,"Kozlowski, Jake",1000091696,"Edmonds, Ryan",10323588,"Knox, Connor",1000143373,"Ertel, Brant",10021556,true
ad4bdedf-bbbe-4648-8c77-f12c06f086d1,13,bc967030-0353-11f0-b60c-870d2ae4b4f3,8078d472-22e8-4897-adb7-948406f9d3bb,2025-03-17,13:17:40.57,2025-03-17,17:17:40.57,2025-03-17T13:17:40.5728256-04:00,2025-03-17T17:17:40.5728256Z,GEO_PAT,GEO_PAT,FoulBallNotFieldable,Undefined,NoShift,118.92258,105.25083,182.64508,93.68854,,,,,,,,,219.618,107.3551,"Capers, Tripp",10118940,"Tomlinson, Ty",1000364327,"Barenz, Nick",1000218914,"Kozlowski, Jake",1000091696,"Edmonds, Ryan",10323588,"Knox, Connor",1000143373,"Ertel, Brant",10021556,true
ad4bdedf-bbbe-4648-8c77-f12c06f086d1,14,c6e52400-0353-11f0-b60c-870d2ae4b4f3,12853cd5-4ab8-4c93-b898-371679183b7b,2025-03-17,13:17:57.87,2025-03-17,17:17:57.87,2025-03-17T13:17:57.8792960-04:00,2025-03-17T17:17:57.8792960Z,GEO_PAT,GEO_PAT,BallCalled,Undefined,LeftInfieldShift,,,108.44228,-3.09838,,,,,,,,,,,"Capers, Tripp",10118940,"Tomlinson, Ty",1000364327,"Barenz, Nick",1000218914,"Kozlowski, Jake",1000091696,"Edmonds, Ryan",10323588,"Knox, Connor",1000143373,"Ertel, Brant",10021556,true
ad4bdedf-bbbe-4648-8c77-f12c06f086d1,15,d114b710-0353-11f0-b60c-870d2ae4b4f3,a9239ce6-1d51-447a-9956-4a5274a3939f,2025-03-17,13:18:14.91,2025-03-17,17:18:14.91,2025-03-17T13:18:14.9133824-04:00,2025-03-17T17:18:14.9133824Z,GEO_PAT,GEO_PAT,InPlay,Single,LeftInfieldShift,,,109.44644,-2.85127,,,,,,,313.33845,-14.59684,,,"Capers, Tripp",10118940,"Tomlinson, Ty",1000364327,"Barenz, Nick",1000218914,"Kozlowski, Jake",1000091696,"Edmonds, Ryan",10323588,"Knox, Connor",1000143373,"Ertel, Brant",10021556,true
ad4bdedf-bbbe-4648-8c77-f12c06f086d1,16,df2e7ca0-0353-11f0-b60c-870d2ae4b4f3,44277259-022e-4930-a2d5-c9d486144fe7,2025-03-17,13:18:38.80,2025-03-17,17:18:38.80,2025-03-17T13:18:38.8035072-04:00,2025-03-17T17:18:38.8035072Z,GEO_PAT,GEO_PAT,BallCalled,Undefined,NoShift,,,106.10627,0.05873,,,,,,,,,,,"Capers, Tripp",10118940,"Tomlinson, Ty",1000364327,"Barenz, Nick",1000218914,"Kozlowski, Jake",1000091696,"Edmonds, Ryan",10323588,"Knox, Connor",1000143373,"Ertel, Brant",10021556,true
ad4bdedf-bbbe-4648-8c77-f12c06f086d1,17,e7cff5a0-0353-11f0-b60c-870d2ae4b4f3,8b53404f-71b2-4382-8f9e-2127c80cc0a7,2025-03-17,13:18:53.08,2025-03-17,17:18:53.08,2025-03-17T13:18:53.0885632-04:00,2025-03-17T17:18:53.0885632Z,GEO_PAT,GEO_PAT,FoulBallNotFieldable,Undefined,NoShift,,,107.58424,0.06384,,,,,,,,,,,"Capers, Tripp",10118940,"Tomlinson, Ty",1000364327,"Barenz, Nick",1000218914,"Kozlowski, Jake",1000091696,"Edmonds, Ryan",10323588,"Knox, Connor",1000143373,"Ertel, Brant",10021556,true
ad4bdedf-bbbe-4648-8c77-f12c06f086d1,18,f326f1b0-0353-11f0-b60c-870d2ae4b4f3,077170f2-84bf-493c-9453-bc2f41ddb2f5,2025-03-17,13:19:12.30,2025-03-17,17:19:12.30,2025-03-17T13:19:12.3045888-04:00,2025-03-17T17:19:12.3045888Z,GEO_PAT,GEO_PAT,BallCalled,Undefined,NoShift,,,107.403,-0.08467,,,,,,,,,,,"Capers, Tripp",10118940,"Tomlinson, Ty",1000364327,"Barenz, Nick",1000218914,"Kozlowski, Jake",1000091696,"Edmonds, Ryan",10323588,"Knox, Connor",1000143373,"Ertel, Brant",10021556,true
ad4bdedf-bbbe-4648-8c77-f12c06f086d1,19,fc547e10-0353-11f0-b60c-870d2ae4b4f3,885bf0be-e81d-4b19-abab-6ce19520554e,2025-03-17,13:19:27.53,2025-03-17,17:19:27.53,2025-03-17T13:19:27.5372032-04:00,2025-03-17T17:19:27.5372032Z,GEO_PAT,GEO_PAT,InPlay,Out,NoShift,,,107.17514,-0.0759,,,,,,,,,,,"Capers, Tripp",10118940,"Tomlinson, Ty",1000364327,"Barenz, Nick",1000218914,"Kozlowski, Jake",1000091696,"Edmonds, Ryan",10323588,"Knox, Connor",1000143373,"Ertel, Brant",10021556,true
ad4bdedf-bbbe-4648-8c77-f12c06f086d1,20,0c5700d0-0354-11f0-b60c-870d2ae4b4f3,1f12af81-95d4-44ca-a4fb-3e737dd10c30,2025-03-17,13:19:54.51,2025-03-17,17:19:54.51,2025-03-17T13:19:54.5197056-04:00,2025-03-17T17:19:54.5197056Z,GEO_PAT,GEO_PAT,StrikeCalled,Undefined,NoShift,,,106.89607,-0.08228,,,181.59141,-42.40628,185.96437,-80.13364,,,,,"Capers, Tripp",10118940,"Tomlinson, Ty",1000364327,"Barenz, Nick",1000218914,"Kozlowski, Jake",1000091696,"Edmonds, Ryan",10323588,"Knox, Connor",1000143373,"Ertel, Brant",10021556,true
ad4bdedf-bbbe-4648-8c77-f12c06f086d1,21,14502be0-0354-11f0-b60c-870d2ae4b4f3,6e10e414-4778-4c3b-bff9-9b611218fe17,2025-03-17,13:20:07.75,2025-03-17,17:20:07.75,2025-03-17T13:20:07.7585408-04:00,2025-03-17T17:20:07.7585408Z,GEO_PAT,GEO_PAT,InPlay,Out,NoShift,,,106.43163,-0.29145,,,,,,,247.32764,-10.88762,,,"Capers, Tripp",10118940,"Tomlinson, Ty",1000364327,"Barenz, Nick",1000218914,"Kozlowski, Jake",1000091696,"Edmonds, Ryan",10323588,"Knox, Connor",1000143373,"Ertel, Brant",10021556,true