RelSpeed_Avg,FB_Velo_Avg,SpinRate_Avg,Extension_Avg,IVB_Avg,HorzBreak_Avg,SpinAxis_Avg,RelHeight_Avg,FB_Velo_Max,SpinRate_FB,VertBreak_Avg,RelSide_Avg,VertApprAngle_Avg,HorzApprAngle_Avg,EffVelo_Avg,PitchCount,PitchTypes,FB_pct,VeloFade,FB_Velo_Avg_lag1,SpinRate_Avg_lag1,Strike_pct_lag1,Zone_pct_lag1,Whiff_pct_lag1,FB_Velo_Avg_roll3,SpinRate_Avg_roll3,Strike_pct_roll3_cov,Zone_pct_roll3_cov,Whiff_pct_roll3_cov,DaysSinceLast,pitcher_prior_strike_pct,Strike_pct,Pitcher,Date,Category
83.33591461538461,85.259312,1688.902558346154,6.4812076923076924,6.7635165384615386,-11.96705230769231,121.67410496153846,5.885597307692308,86.60756,1767.4819516,-32.971045,-1.9564146153846154,-6.813016692307692,0.19831138461538464,83.43369923076922,26,3,0.7407407407407407,0.5529003796296195,86.80271455710955,2135.781214422222,0.5614035087719298,0.4090909090909091,0.08196721311475409,86.6935669212963,2119.4027671852527,0.13658447722056608,0.1968608032878766,0.6976754609419789,8.0,0.5622132712685646,0.4444444444444444,"Ament, Ryan",2025-02-26,fastball
80.14068882352942,83.89583636363638,1578.4937717058824,6.450608823529412,5.292628235294118,-3.3518464705882356,172.41631635294118,5.86325294117647,85.33847,1574.2822317272728,-38.12196294117647,-2.3572141176470587,-6.905135529411765,2.8448412352941177,80.25145294117647,17,4,0.6111111111111112,0.5529003796296195,85.259312,1688.902558346154,0.4444444444444444,0.2962962962962963,0.07407407407407407,85.259312,1688.902558346154,0.13658447722056608,0.1968608032878766,0.6976754609419789,6.0,0.4444444444444444,0.5,"Ament, Ryan",2025-03-04,fastball
79.38745076923078,85.50479800000001,1572.9384736363636,6.201599230769231,4.025843846153846,-10.023947692307692,156.4158146923077,5.901117692307692,86.09877,1751.2217123333332,-41.19813692307692,-2.335586923076923,-8.125963230769232,1.6951585384615386,78.56312461538461,13,3,0.35714285714285715,0.5529003796296195,83.89583636363638,1578.4937717058824,0.5,0.3333333333333333,0.05555555555555555,84.57757418181819,1633.6981650260182,0.08318903308077034,0.08318903308077036,0.20203050891044216,9.0,0.4722222222222222,0.42857142857142855,"Ament, Ryan",2025-03-13,fastball
82.93304352941176,85.65354928571428,1778.6433295294119,6.577680588235294,3.80097,-11.66749705882353,131.52923294117647,5.91905705882353,86.90873,1764.6357829999997,-37.607308823529415,-2.0294288235294116,-7.162996705882353,1.360657705882353,82.30752470588236,17,3,0.7777777777777778,0.5529003796296195,85.50479800000001,1572.9384736363636,0.42857142857142855,0.35714285714285715,0.0,84.8866487878788,1613.4449345628,0.08195055999281985,0.09321897399846504,0.8921425711997711,14.0,0.4576719576719577,0.5555555555555556,"Ament, Ryan",2025-03-27,fastball
80.66933368421053,84.77378363636363,1741.980966157895,6.535893684210526,4.201699473684211,-7.784626842105262,155.55635910526317,5.37187947368421,86.78025,1775.4826097272723,-37.9266352631579,-2.2710915789473685,-7.6946352631578945,1.8975537368421054,81.27567,19,4,0.55,0.5529003796296195,85.65354928571428,1778.6433295294119,0.5555555555555556,0.5,0.1111111111111111,85.01806121645022,1643.3585249572195,0.12867603652958257,0.22715633383201106,1.0,6.0,0.48214285714285715,0.4,"Ament, Ryan",2025-04-02,fastball
84.02803916666666,86.48170714285716,1569.2037293333333,6.200128333333333,2.60105,-9.729682500000001,116.17260158333333,5.8543658333333335,87.18424,1596.1394822857144,-36.714465,-2.2428708333333334,-7.5458085,1.4451685,83.79904,12,2,0.5384615384615384,0.5529003796296195,84.77378363636363,1741.980966157895,0.4,0.3,0.05,85.31071030735932,1697.8542564412235,0.1794715610962352,0.26707787225659185,1.0362054621597738,44.0,0.46571428571428575,0.6923076923076923,"Ament, Ryan",2025-05-16,fastball
82.61707896551724,86.0866852631579,1795.67827575,4.924754137931035,15.480993103448276,11.362425862068966,187.68532468965515,6.162479310344828,87.94787,1990.8856118421054,-28.444301724137933,1.1842186206896552,-7.076343344827586,-0.6830638620689655,79.52612793103448,29,3,0.6333333333333333,0.5529003796296195,86.80271455710955,2135.781214422222,0.5614035087719298,0.4090909090909091,0.08196721311475409,86.6935669212963,2119.4027671852527,0.13658447722056608,0.1968608032878766,0.6976754609419789,8.0,0.5622132712685646,0.4666666666666667,"Bilo, Michael",2025-03-13,fastball
82.8722244,85.94123125,1737.7966656800002,4.6920072,13.875382,13.6216504,231.75921752,6.2953512,87.48925,1993.262094375,-29.8435592,1.090978,-6.75476548,0.27082372,79.5927088,25,3,0.6153846153846154,0.5529003796296195,86.0866852631579,1795.67827575,0.4666666666666667,0.36666666666666664,0.0,86.0866852631579,1795.67827575,0.13658447722056608,0.1968608032878766,0.6976754609419789,33.0,0.4666666666666667,0.5769230769230769,"Bilo, Michael",2025-04-15,fastball
83.17329481481482,87.83987629629631,1909.2489605185185,4.500030185185185,9.657446481481482,7.697370555555556,186.36393890740743,6.012056666666666,89.73725,2150.867226777778,-34.149764814814816,0.9653933333333333,-7.1216187407407405,-0.5838605185185185,79.58073388888889,54,3,0.4909090909090909,0.16370757142857428,85.94123125,1737.7966656800002,0.5769230769230769,0.46153846153846156,0.038461538461538464,86.01395825657895,1766.7374707150002,0.14941322649150637,0.16199969599939493,1.414213562373095,31.0,0.5217948717948717,0.6181818181818182,"Bilo, Michael",2025-05-16,fastball
85.95279533333334,87.85281844444445,2348.7874881166663,6.337804666666667,14.2436135,-4.918635833333334,147.86665435,5.708097666666666,90.29094,2309.273771666667,-23.743804166666667,0.4728361666666666,-6.063347683333333,-1.0796414333333333,85.321504,60,4,0.7377049180327869,0.3585510999999997,86.80271455710955,2135.781214422222,0.5614035087719298,0.4090909090909091,0.08196721311475409,86.6935669212963,2119.4027671852527,0.13658447722056608,0.1968608032878766,0.6976754609419789,8.0,0.5622132712685646,0.5901639344262295,"Cassedy, Brandon",2025-02-23,elite
83.03797155339807,86.9987545614035,2351.5690968737863,6.092916601941748,9.071078737864077,-5.709259223300971,131.09874331067962,5.753445533980582,89.66647,2235.7135069298247,-32.52267009708738,0.44099,-6.7178778155339804,-0.6649844174757281,81.854176407767,103,4,0.5480769230769231,1.2308055270270302,87.85281844444445,2348.7874881166663,0.5901639344262295,0.4918032786885246,0.08196721311475409,87.85281844444445,2348.7874881166663,0.13658447722056608,0.1968608032878766,0.6976754609419789,7.0,0.5901639344262295,0.6442307692307693,"Cassedy, Brandon",2025-03-02,elite
84.89312056818181,87.309581,2349.3790013295456,6.198162045454546,10.004503522727273,-3.95492125,139.53842905681816,5.683044431818182,91.53405,2324.669638157143,-28.871339772727275,0.5141606818181818,-6.151972897727273,-0.6529277840909091,84.73703522727273,88,4,0.7865168539325843,-2.2769621000000058,86.9987545614035,2351.5690968737863,0.6442307692307693,0.5384615384615384,0.1346153846153846,87.42578650292398,2350.1782924952263,0.061942951333670226,0.06404639144162118,0.34377534922315406,13.0,0.6171973518284994,0.6404494382022472,"Cassedy, Brandon",2025-03-15,elite
76.79363444444444,86.99538,2014.1964158888889,5.33784,9.229430833333332,2.0228197222222217,168.42047122222223,5.909473055555555,89.19216,2125.634418676471,-39.43215638888889,0.8966447222222222,-7.682669361111111,-0.5303645833333334,75.57322194444446,36,1,0.0,0.5529003796296195,87.309581,2349.3790013295456,0.6404494382022472,0.550561797752809,0.06741573033707865,87.38705133528265,2349.911862106666,0.04829713292997682,0.05888083622695742,0.37345838270366727,19.0,0.6249480472864154,0.0,"Cassedy, Brandon",2025-04-03,elite
85.61692981981982,87.79690559139787,2387.4132462882885,6.1988452252252255,12.089557387387387,-1.9172268468468467,152.6965327747748,5.660460810810811,90.52294,2345.1365315268818,-26.044506756756757,0.7161847747747748,-5.71904945045045,-0.3901515405405405,85.51014666666667,111,3,0.8303571428571429,0.6886718904109728,86.80271455710955,2014.1964158888889,0.0,0.3783783783783784,0.0,87.15416778070175,2238.381504697407,0.8660366580821481,0.19648550251654737,0.9994656698224845,2.0,0.4687110354648115,0.6160714285714286,"Cassedy, Brandon",2025-04-05,elite
83.32250753246754,84.09699646153844,2251.1939521558443,5.98090961038961,12.07370155844156,-4.157115974025975,149.72094735064937,5.704331818181818,90.13834,2303.2905246307687,-28.91647883116883,0.4271984415584416,-6.507684441558442,-0.5900704935064935,82.1797522077922,77,5,0.8333333333333334,0.484296999999998,87.79690559139787,2387.4132462882885,0.6160714285714286,0.48214285714285715,0.10714285714285714,87.55324329569893,2250.329554502241,0.8665142321705543,0.18431425824139086,0.9308812134378428,22.0,0.4981831140861349,0.5384615384615384,"Cassedy, Brandon",2025-04-27,elite
85.3152689010989,87.39831690140844,2296.7397715934067,6.092815714285714,12.225870219780221,-2.0336946153846154,155.29816786813188,5.668674945054945,90.80185,2292.5249147605637,-26.06419989010989,0.4576863736263736,-6.4364515604395605,-0.7676056813186813,85.12497516483516,91,4,0.7717391304347826,-1.3088410098039276,84.09699646153844,2251.1939521558443,0.5384615384615384,0.46153846153846156,0.05128205128205128,85.94695102646816,2217.601204777674,0.8718757142722788,0.12465804281326644,1.0147595992836274,7.0,0.5048961848153688,0.532608695652174,"Cassedy, Brandon",2025-05-04,elite
85.09612046511627,88.31386344827585,2311.6374618139535,5.594932093023256,9.670184186046512,-1.2550681395348837,146.71591937209303,5.60149023255814,90.54474,2252.7850713793105,-30.031412093023253,0.37708720930232553,-5.863474023255813,-0.650086511627907,83.64682674418604,43,4,0.6590909090909091,0.5566197222222229,87.39831690140844,2296.7397715934067,0.532608695652174,0.42391304347826086,0.06521739130434782,86.43073965144826,2311.7823233458466,0.0828436541789464,0.0647705447293759,0.3900291422098985,12.0,0.5088551149349124,0.6363636363636364,"Cassedy, Brandon",2025-05-16,elite
85.705981,87.980323,1881.0598925499999,5.55644925,14.933093500000002,11.45731025,218.262049525,5.7854445,89.65179,1982.0143517000001,-24.748821,1.90812525,-6.044272250000001,-0.775440375,83.40130625,40,3,0.7317073170731707,1.07900699999999,86.80271455710955,2135.781214422222,0.5614035087719298,0.4090909090909091,0.08196721311475409,86.6935669212963,2119.4027671852527,0.13658447722056608,0.1968608032878766,0.6976754609419789,8.0,0.5622132712685646,0.6585365853658537,"Drumm, Jake",2025-02-23,fastball
85.7035616981132,88.17540149999999,2016.8944198301888,5.51828358490566,13.451979056603774,9.023055849056604,199.90721113207545,5.793507358490565,90.80483,2036.502579475,-25.900491132075473,1.7915524528301887,-6.286589886792452,-1.0700871698113208,83.94950509433963,53,3,0.7407407407407407,1.5792550000000034,87.980323,1881.0598925499999,0.6585365853658537,0.5365853658536586,0.04878048780487805,87.980323,1881.0598925499999,0.13658447722056608,0.1968608032878766,0.6976754609419789,5.0,0.6585365853658537,0.6481481481481481,"Drumm, Jake",2025-02-28,fastball
83.88038225806451,88.325875,2086.6271667096776,5.200453548387096,10.7034,4.721234516129033,174.4913553548387,5.81081935483871,90.15125,2011.9011291000002,-31.527369677419355,1.794723870967742,-6.494082677419355,-2.126489741935484,81.3874687096774,62,3,0.6349206349206349,0.0,88.17540149999999,2016.8944198301888,0.6481481481481481,0.5370370370370371,0.07407407407407407,88.07786225,1948.9771561900943,0.0112433155667408,0.0005949573253567466,0.29116161578269595,18.0,0.6533423667570009,0.5396825396825397,"Drumm, Jake",2025-03-18,fastball
83.06042000000001,88.58233750000001,2154.3666202857144,5.08562,6.761414285714285,0.23169285714285742,154.1959112857143,5.826478571428572,89.11857,1999.4036690000003,-35.9548,1.8200914285714285,-7.547989857142857,-1.670680857142857,81.00497142857144,7,2,0.5,0.5529003796296195,88.325875,2086.6271667096776,0.5396825396825397,0.31746031746031744,0.09523809523809523,88.16053316666667,1994.8604930299553,0.10695615728424714,0.27311638213347084,0.3199471263345432,18.0,0.6154557577321805,0.5,"Drumm, Jake",2025-04-05,fastball
84.08499622641509,88.3942272,1839.495116490566,5.5227158490566035,12.644425471698113,12.16909320754717,206.22388990566037,5.799925660377358,89.82836,2061.061346,-28.63218471698113,1.6338290566037736,-6.5889635660377355,-0.13826905660377356,81.87880924528302,53,3,0.46296296296296297,1.5061265000000077,88.58233750000001,2154.3666202857144,0.5,0.375,0.125,88.36120466666667,2085.962735608527,0.13630957743728433,0.27781398261929097,0.26078068338677474,10.0,0.5865918182991354,0.5925925925925926,"Drumm, Jake",2025-04-15,fastball
85.47996785714285,88.10432666666667,1844.3802005,5.679139999999999,15.284543571428571,9.620637857142857,207.53614064285713,5.829027857142857,89.49715,2006.629061,-24.387884285714286,1.493577857142857,-5.9993678571428575,-0.24730657142857143,83.40783499999999,14,3,0.6,0.5529003796296195,88.3942272,1839.495116490566,0.5925925925925926,0.35185185185185186,0.14814814814814814,88.43414656666668,2026.8296344953194,0.08537806930998924,0.083171522523258,0.21600016903978386,12.0,0.5877919731578268,0.6,"Drumm, Jake",2025-04-27,fastball
83.7731296153846,88.07880214285714,1996.7702351923076,5.2276669230769235,10.55257076923077,5.454076923076922,183.41137196153844,5.829316923076923,90.45845,2080.3487274999998,-30.874866153846156,1.3319988461538463,-6.6255065,-1.2721587307692308,81.82960807692308,26,3,0.5185185185185185,0.5529003796296195,88.10432666666667,1844.3802005,0.6,0.4,0.06666666666666667,88.36029712222222,1946.0806457587603,0.09875959821791427,0.06410782941590727,0.3706823846469525,20.0,0.589826644298189,0.5925925925925926,"Drumm, Jake",2025-05-17,fastball
84.31142655172414,88.35351066666665,2146.862684724138,5.481540689655172,12.735783103448277,4.232462413793104,178.3488764137931,5.85821448275862,89.56422,2167.935634666667,-28.078281379310347,1.631618275862069,-6.345153103448276,-1.035938,82.3333424137931,29,4,0.5,0.5529003796296195,88.07880214285714,1996.7702351923076,0.5925925925925926,0.2962962962962963,0.18518518518518517,88.19245200317461,1893.5485173942914,0.007186932811483185,0.1485360392719703,0.45474182065958046,133.0,0.5902217797688181,0.5333333333333333,"Drumm, Jake",2025-09-27,fastball
83.37386857142857,88.43918857142856,1996.39439475,5.459362857142857,9.877836785714285,2.9716075,165.39888296428572,5.7495457142857145,90.32045,1971.9994382857142,-31.44666785714286,1.3075442857142858,-6.6652309999999995,-1.3899275714285715,81.99398821428572,28,3,0.4827586206896552,0.5529003796296195,88.35351066666665,2146.862684724138,0.5333333333333333,0.26666666666666666,0.06666666666666667,88.1788798253968,1996.0043734721485,0.06351351324870633,0.21811456736550575,0.6444840214209776,7.0,0.5831107239643825,0.5862068965517241,"Drumm, Jake",2025-10-04,fastball
82.12811611111111,87.31892857142857,2029.2404337222224,5.6564250000000005,9.094278333333333,2.3612455555555556,162.06367033333333,5.843202777777778,89.19445,1995.9313365714286,-32.94690722222222,2.656781111111111,-6.9500802777777775,-2.5391525555555554,81.17702944444444,18,3,0.3684210526315789,0.5529003796296195,88.43918857142856,1996.39439475,0.5862068965517241,0.3793103448275862,0.10344827586206896,88.29050046031745,2046.675771555482,0.056993898780528365,0.18590826047074008,0.5122172613247981,6.0,0.5834547431407537,0.6842105263157895,"Drumm, Jake",2025-10-10,fastball
84.69579216216216,88.41052380952381,2041.9488157297299,5.769016216216216,10.760394054054053,5.597812432432432,187.47994737837837,5.755194054054054,90.12256,2048.290628047619,-28.80537135135135,2.6797335135135136,-6.464942756756757,-1.9577829189189189,83.62691081081081,37,3,0.5526315789473685,0.7902025000000066,87.31892857142857,2029.2404337222224,0.6842105263157895,0.5263157894736842,0.05263157894736842,88.03720926984126,2057.4991710654535,0.12732679232633198,0.3332007856633886,0.3534481730978139,8.0,0.5935303214582573,0.7105263157894737,"Drumm, Jake",2025-10-18,fastball
83.35296205128205,88.65134833333333,2044.277096897436,5.587058717948718,10.568798205128205,2.6668041025641025,164.26207802564102,5.824194871794871,90.22321,1944.8980023888892,-31.561868461538463,2.6927415384615383,-7.035487589743589,-2.4977868974358977,81.17731282051282,39,3,0.45,0.5529003796296195,88.41052380952381,2041.9488157297299,0.7105263157894737,0.4473684210526316,0.15789473684210525,88.05621365079365,2022.5278814006506,0.09921643308677,0.16312684151878706,0.5029898246891813,6.0,0.6041663209429134,0.525,"Drumm, Jake",2025-10-24,fastball
84.36586775510204,88.20598896551725,2053.736911755102,5.678219387755102,13.863918367346939,7.362678163265306,185.0782747755102,5.873551224489796,89.90492,2023.0758300344824,-26.70396081632653,2.3009953061224486,-6.5377159795918365,-1.7826151020408163,82.67345,49,4,0.58,0.7092772777777725,88.65134833333333,2044.277096897436,0.525,0.475,0.025,88.12693357142858,2038.4887821164627,0.15686999822522302,0.08296096647214316,0.89320856531406,7.0,0.5975691275310039,0.5,"Drumm, Jake",2025-10-31,fastball
82.840077,87.50192736842105,1968.5581653000002,5.7239675,13.067643499999999,5.112429000000001,176.6338937,5.80187,88.85643,2019.798385263158,-29.148655,1.59581975,-6.801734550000001,-1.26877975,81.04199,40,3,0.4634146341463415,0.5529003796296195,88.20598896551725,2053.736911755102,0.5,0.36,0.04,88.42262036945813,2046.6542747940894,0.19880743055199143,0.14043591455699164,0.9796211518608153,79.0,0.590063810028619,0.4634146341463415,"Drumm, Jake",2026-01-18,fastball
86.105419375,89.62050454545455,2212.8044173125,6.335159375,10.904165,-0.9836450000000001,190.74115,5.907325,90.77651,2239.710647272728,-27.0320325,-1.68838625,-5.8315474375,2.22333875,85.77204375,32,3,0.6666666666666666,0.8007279999999923,86.80271455710955,2135.781214422222,0.5614035087719298,0.4090909090909091,0.08196721311475409,86.6935669212963,2119.4027671852527,0.13658447722056608,0.1968608032878766,0.6976754609419789,8.0,0.5622132712685646,0.7878787878787878,"Egan, Cole",2025-02-22,fastball
86.272975,89.92159153846153,2252.390915388889,6.102458333333334,10.80613,-2.5729294444444446,189.7280022777778,5.9318422222222225,91.86564,2233.8673954615383,-27.845485555555555,-1.5694594444444445,-6.173127777777777,1.4938052222222222,85.11959055555556,18,2,0.6842105263157895,0.5529003796296195,89.62050454545455,2212.8044173125,0.7878787878787878,0.48484848484848486,0.18181818181818182,89.62050454545455,2212.8044173125,0.13658447722056608,0.1968608032878766,0.6976754609419789,3.0,0.7878787878787878,0.6842105263157895,"Egan, Cole",2025-02-25,fastball
83.46188666666667,89.71933538461539,2244.81060075,6.126943333333333,5.01799375,3.207175416666667,224.795868625,5.975525,91.21477,2231.345453307692,-35.79379708333334,-1.6031854166666666,-7.448839499999999,2.479637625,83.00734625,24,2,0.52,0.5529003796296195,89.92159153846153,2252.390915388889,0.6842105263157895,0.47368421052631576,0.05263157894736842,89.77104804195804,2232.5976663506945,0.09959250439247147,0.016471705385377164,0.7792605343688483,3.0,0.7360446570972887,0.56,"Egan, Cole",2025-02-28,fastball
84.74076105263158,90.50782565217392,2269.7619104210526,6.013202105263158,6.976620263157895,-1.005745,214.7699872631579,6.007878157894737,92.39172,2235.2214767391306,-32.64067342105263,-1.4944326315789473,-6.947063894736842,1.572202,84.35231578947368,38,2,0.5897435897435898,1.014755000000008,89.71933538461539,2244.81060075,0.56,0.32,0.16,89.75381048951049,2236.6686444837965,0.1684378806211368,0.2161581396604244,0.5259486491364417,15.0,0.6773631047315258,0.5128205128205128,"Egan, Cole",2025-03-15,fastball
84.79386592592593,89.68569764705884,2206.5406821851852,5.89614925925926,8.789996296296296,-0.48893333333333344,209.70332048148146,6.006927777777777,90.83813,2173.9105887058818,-31.358811111111113,-1.322848888888889,-7.188593962962963,2.035855074074074,83.54826666666666,54,2,0.6181818181818182,0.1007732142857094,90.50782565217392,2269.7619104210526,0.5128205128205128,0.4358974358974359,0.05128205128205128,90.04958419175028,2255.6544755199807,0.15116375182301217,0.19538874333210293,0.7091230329317575,3.0,0.6362274567537726,0.5454545454545454,"Egan, Cole",2025-03-18,fastball
91.64871333333333,91.64871333333333,2242.8122716666667,6.36327,21.30218,-6.174823333333333,163.137542,5.91332,91.91097,2242.812271666667,-11.917813333333333,-1.39611,-3.923163,1.0993863333333334,90.86708666666668,3,1,0.75,0.5529003796296195,89.68569764705884,2206.5406821851852,0.5454545454545454,0.509090909090909,0.03636363636363636,89.97095289461606,2240.3710644520793,0.04478984199032219,0.22611848609535157,0.8175599224810056,28.0,0.6180728744939271,0.75,"Egan, Cole",2025-04-15,fastball
86.99097923076923,91.97405499999999,2318.856409846154,6.181251538461538,9.655756153846154,1.6553492307692308,212.4541023846154,5.840287692307692,94.00731,2305.415193875,-28.96187,-1.5435307692307692,-6.677099,2.097328076923077,85.13194307692308,13,2,0.5714285714285714,0.5529003796296195,91.64871333333333,2242.8122716666667,0.75,0.25,0.5,90.61407887752203,2239.704954757635,0.21327741497786418,0.3353216416576412,1.345094248694176,12.0,0.6400607287449392,0.2857142857142857,"Egan, Cole",2025-04-27,fastball
89.541799375,91.52601166666666,2091.1307175,5.9215534375,13.0851275,-5.89129375,165.1469738125,5.8692278125,93.68727,2133.9940999166665,-22.1844815625,-1.80139625,-5.29971990625,0.74163615625,88.47664125,32,3,0.7272727272727273,-0.6747340000000008,91.97405499999999,2318.856409846154,0.2857142857142857,0.2857142857142857,0.0,91.10282199346405,2256.0697878993356,0.4414879899640284,0.40318466900700356,1.559229916217888,20.0,0.5894398083119887,0.6666666666666666,"Egan, Cole",2025-05-17,fastball
81.45678045454545,83.89196266666667,1996.2839452727274,5.058263181818182,19.313750454545456,9.42560181818182,191.81067559090909,6.1285372727272724,86.55772,1982.4795017333336,-25.81840727272727,0.5350204545454545,-6.478749681818181,-0.26038849999999997,78.195195,22,3,0.6521739130434783,0.5529003796296195,86.80271455710955,2135.781214422222,0.5614035087719298,0.4090909090909091,0.08196721311475409,86.6935669212963,2119.4027671852527,0.13658447722056608,0.1968608032878766,0.6976754609419789,8.0,0.5622132712685646,0.6521739130434783,"Elliot, Daniel",2025-02-21,elite
82.03444576923077,85.48840200000001,2131.475707269231,4.823644230769231,15.601468846153846,4.773003461538462,160.63226303846156,6.1293915384615385,86.67424,2096.039972866666,-29.16242769230769,0.3415780769230769,-6.7266717692307685,-0.47762046153846155,78.54659346153846,26,3,0.5555555555555556,0.5529003796296195,83.89196266666667,1996.2839452727274,0.6521739130434783,0.34782608695652173,0.08695652173913043,83.89196266666667,1996.2839452727274,0.13658447722056608,0.1968608032878766,0.6976754609419789,8.0,0.6521739130434783,0.6296296296296297,"Elliot, Daniel",2025-03-01,elite
76.480885,86.99538,2202.129457,4.5697399999999995,-0.8011800000000002,-9.4068,78.338892,6.215535,89.19216,2125.634418676471,-51.700835,0.277265,-10.5689285,-3.128482,73.450425,4,1,0.0,0.5529003796296195,85.48840200000001,2131.475707269231,0.6296296296296297,0.48148148148148145,0.037037037037037035,84.69018233333334,2063.8798262709793,0.024873102855808134,0.22792179743100371,0.5693587069294279,17.0,0.6409017713365539,0.4,"Elliot, Daniel",2025-03-18,elite
80.4285325,85.94416,1999.36177875,4.745258333333333,12.825899166666666,7.568160833333333,182.75753641666665,5.882340833333333,86.76724,2100.933375,-32.8603,0.6875058333333334,-7.471666,-0.053167916666666655,77.71728166666666,12,3,0.3076923076923077,0.5529003796296195,86.80271455710955,2202.129457,0.4,0.4,0.0,84.69018233333334,2109.963036513986,0.24891266006866394,0.1643879288237319,1.0557890434650732,17.0,0.5606011808910359,0.6153846153846154,"Elliot, Daniel",2025-04-04,elite
81.11057652173913,84.12241461538461,1960.1591590434782,4.7347273913043475,14.404782173913043,9.110297391304346,198.28027126086957,6.0411530434782605,86.30227,2033.7067748461536,-30.225516956521737,0.6666408695652174,-6.924568739130435,0.1899774347826087,78.63895000000001,23,3,0.5416666666666666,0.5529003796296195,85.94416,1999.36177875,0.6153846153846154,0.46153846153846156,0.07692307692307693,85.71628100000001,2110.98898100641,0.2346396279287228,0.09487588021978077,1.0127314550264548,1.0,0.5742970395144309,0.625,"Elliot, Daniel",2025-04-05,elite
80.51693510204082,84.01527541666667,2034.5891566122448,4.739317755102041,14.607408775510203,9.109385510204081,180.16059585714285,6.126183673469388,86.13037,2077.212920125,-31.60153,0.39094367346938774,-7.324876979591837,0.21751804081632653,77.25286979591837,49,3,0.48,0.2630824999999959,84.12241461538461,1960.1591590434782,0.625,0.2916666666666667,0.125,85.0332873076923,2053.8834649311593,0.23266305179865474,0.22373316437613736,0.936776932043143,22.0,0.5844376316115447,0.5,"Elliot, Daniel",2025-04-27,elite
81.60971826086957,85.49323363636364,2100.7740292608696,4.605834347826087,10.973142608695651,5.227179565217391,162.72001882608697,6.149848260869565,86.3739,2082.8456929999998,-33.351914782608695,0.27030739130434783,-6.92524147826087,0.3477093913043478,78.87733434782608,23,3,0.4583333333333333,0.5529003796296195,84.01527541666667,2034.5891566122448,0.5,0.38,0.02,84.69395001068376,1998.036698135241,0.1199035050508877,0.22491570645459566,0.7105444472009379,7.0,0.5703646930096206,0.5,"Elliot, Daniel",2025-05-04,elite
82.27585190476191,87.09929222222223,2132.595064047619,4.363670952380953,9.205057142857143,3.386948571428571,152.5462519047619,6.0408904761904765,88.1253,2045.4575253333335,-34.87214238095238,0.4295123809523809,-7.1562139047619056,-0.5799526666666667,79.16602333333333,21,3,0.4090909090909091,0.5529003796296195,85.49323363636364,2100.7740292608696,0.5,0.4166666666666667,0.0,84.54364122280498,2031.8407816388644,0.13323467750529808,0.177119420356827,1.3891887640333578,12.0,0.5603125940082462,0.5,"Elliot, Daniel",2025-05-16,elite
91.43607,92.8088523076923,2366.1152417555554,6.205360666666666,15.554498222222222,2.373778222222222,176.55453766666668,5.954206666666667,95.57319,2357.780780307692,-17.987714222222223,0.8440697777777777,-5.414760822222222,-0.9202756444444445,90.74491400000001,90,4,0.8571428571428571,0.8322091551724213,86.80271455710955,2135.781214422222,0.5614035087719298,0.4090909090909091,0.08196721311475409,86.6935669212963,2119.4027671852527,0.13658447722056608,0.1968608032878766,0.6976754609419789,8.0,0.5622132712685646,0.5714285714285714,"Knox, Connor",2025-02-22,elite
89.473665,86.62735333333335,2562.11404975,5.75797,8.537463125,-0.37386312499999985,136.045608,5.982704375,87.30705,2657.480415,-26.947946875,0.96006875,-5.7718754375,-1.3488643125,88.382525625,16,3,0.17647058823529413,0.5529003796296195,92.8088523076923,2366.1152417555554,0.5714285714285714,0.4175824175824176,0.13186813186813187,92.8088523076923,2366.1152417555554,0.13658447722056608,0.1968608032878766,0.6976754609419789,51.0,0.5714285714285714,0.47058823529411764,"Knox, Connor",2025-04-14,elite
88.75419978723404,92.59580961538462,2472.22600193617,5.854197659574468,7.709284468085106,-0.9006625531914895,134.14052131914895,5.948544468085107,94.39785,2348.8324420384615,-28.016295106382977,1.043969574468085,-6.939733829787234,-1.4977558510638298,88.04405255319148,47,2,0.5416666666666666,0.8416346666666641,86.62735333333335,2562.11404975,0.47058823529411764,0.5882352941176471,0.058823529411764705,89.71810282051283,2464.1146457527775,0.13685937700384782,0.23994368924582082,0.541715703553084,11.0,0.5210084033613445,0.6041666666666666,"Knox, Connor",2025-04-25,elite
87.8307706779661,89.64905146341464,2498.3503502033896,5.458792372881356,5.843066271186441,-2.143068813559322,121.250576,5.858903220338983,94.50291,2490.4184647560974,-31.31414,1.015053220338983,-6.916407881355932,-1.3333578474576273,86.26037745762711,59,4,0.6833333333333333,2.9333724047619114,92.59580961538462,2472.22600193617,0.6041666666666666,0.5,0.0625,90.67733841880342,2466.818431147242,0.1268798394666926,0.17002648513334254,0.48760008786037057,7.0,0.5487278244631185,0.6666666666666666,"Knox, Connor",2025-05-02,elite
86.96681614457832,91.65443428571427,2385.0514770843374,5.398954578313253,5.557000963855422,-2.0594934939759035,125.91717525301203,5.913534578313254,94.92155,2309.098170742857,-32.676489759036144,0.9350846987951807,-7.4742869277108435,-1.475118795180723,85.23851927710844,83,6,0.4166666666666667,3.2814698333333325,89.64905146341464,2498.3503502033896,0.6666666666666666,0.4666666666666667,0.2,89.62407147071087,2510.8968006298533,0.1725544816565221,0.12119711571773589,0.7512798750145849,13.0,0.5782125350140056,0.6071428571428571,"Knox, Connor",2025-05-15,elite
84.11999518987342,84.37852064935065,2078.7790225443036,6.361379493670886,12.223647848101265,-0.4142608860759493,155.36157702531645,6.301183797468354,90.3432,2077.863635168831,-27.94716898734177,-0.05262759493670886,-6.561693531645569,-0.35868891139240505,83.07112481012658,79,3,0.9625,1.7299101666666559,86.80271455710955,2135.781214422222,0.5614035087719298,0.4090909090909091,0.08196721311475409,86.6935669212963,2119.4027671852527,0.13658447722056608,0.1968608032878766,0.6976754609419789,8.0,0.5622132712685646,0.5625,"Lavin, Sam",2025-02-21,elite
85.39520519999999,87.27993078125,2106.724653466667,6.1796273333333325,11.494199733333334,0.566946,154.39555881333334,6.3077288,90.67293,2097.0243465625,-27.191136800000002,-0.0514068,-6.872194039999999,-0.15953050666666668,84.88618093333334,75,3,0.8421052631578947,-1.6988251363636238,84.37852064935065,2078.7790225443036,0.5625,0.35,0.0875,84.37852064935065,2078.7790225443036,0.13658447722056608,0.1968608032878766,0.6976754609419789,7.0,0.5625,0.5657894736842105,"Lavin, Sam",2025-02-28,elite
82.36035903225806,84.93869173913045,2160.0803778387094,5.962643333333334,6.149464946236559,-3.10175247311828,116.88803701075268,6.314739247311828,91.49979,2144.046480753623,-36.164161935483875,-0.1663620430107527,-7.7327047956989245,-0.3982238172043011,81.26925182795699,93,4,0.7340425531914894,-0.22641186734692553,87.27993078125,2106.724653466667,0.5657894736842105,0.47368421052631576,0.09210526315789473,85.82922571530032,2092.7518380054853,0.004123071610417094,0.21235794706560845,0.036261886214694804,35.0,0.5641447368421053,0.5851063829787234,"Lavin, Sam",2025-04-04,elite
84.36831912280702,85.35067140000001,1949.3973631578947,6.120788947368421,9.504264210526316,0.6061861403508773,158.78411182456142,6.297719824561404,91.40124,1964.7540372600001,-29.59749596491228,-0.4116736842105263,-6.53757049122807,0.27517705263157893,84.37391140350877,57,4,0.8620689655172413,3.680825999999996,84.93869173913045,2160.0803778387094,0.5851063829787234,0.3404255319148936,0.0851063829787234,85.53238105657704,2115.1946846165597,0.021384661901194972,0.19154727603237312,0.04031409373357521,21.0,0.571131952220978,0.5172413793103449,"Lavin, Sam",2025-04-25,elite
83.98170783333333,86.8162382051282,1982.1588774666668,5.6949163333333335,6.9712250000000004,-0.18735533333333335,144.60208973333334,6.260730833333333,91.72642,2221.667833871795,-33.628570333333336,-0.42310533333333333,-7.32812355,0.2172953333333333,82.87854366666667,60,4,0.639344262295082,0.8508184473684253,85.35067140000001,1949.3973631578947,0.5172413793103449,0.27586206896551724,0.10344827586206896,85.85643130679348,2072.06746482109,0.06288328217114637,0.2776568957301899,0.09894133170346263,7.0,0.5576593089933197,0.6721311475409836,"Lavin, Sam",2025-05-02,elite
81.12093322033898,85.12807176470588,1968.9100595254238,5.335940677966101,6.460262033898305,0.43239745762711873,161.20494366101696,5.608907457627119,92.29762,2125.634418676471,-38.23572796610169,0.8605505084745763,-7.188761135593221,-1.0932369152542374,79.29066932203389,59,6,0.5666666666666667,4.279916928571424,86.8162382051282,1982.1588774666668,0.6721311475409836,0.39344262295081966,0.09836065573770492,85.70186711475289,2030.545539487757,0.13126468274972272,0.17495174638703304,0.09900949501999999,13.0,0.5805536767028524,0.6,"Lavin, Sam",2025-05-15,elite
86.12788111111111,86.83997875,2139.8942007777778,6.303748888888888,19.34724111111111,-6.425063333333333,165.93483822222223,5.989235555555556,87.84011,2122.157549875,-19.070621111111112,-1.2370388888888888,-5.908870666666667,1.0406714444444445,84.59025666666668,9,2,0.8,0.5529003796296195,86.80271455710955,2135.781214422222,0.5614035087719298,0.4090909090909091,0.08196721311475409,86.6935669212963,2119.4027671852527,0.13658447722056608,0.1968608032878766,0.6976754609419789,8.0,0.5622132712685646,0.5,"Madigan III, Michael",2025-02-21,fastball
84.96769307692307,86.1150625,1979.9602005384613,5.9959549999999995,18.550913461538464,-5.68137923076923,163.6271386153846,5.840734230769231,88.28872,2056.300288,-20.407104615384615,-0.773453076923077,-5.349035307692308,-0.06206699999999999,84.0099473076923,26,4,0.7407407407407407,0.5529003796296195,86.83997875,2139.8942007777778,0.5,0.4,0.0,86.83997875,2139.8942007777778,0.13658447722056608,0.1968608032878766,0.6976754609419789,5.0,0.5,0.4074074074074074,"Madigan III, Michael",2025-02-26,fastball
83.55472767857144,83.88305882352941,2152.0713371785714,5.97912625,14.431803571428572,0.6924319642857143,191.28185226785715,6.060509107142857,88.56205,2237.3221414117647,-25.71230589285714,-0.9268533928571429,-5.868018375,1.350587517857143,82.97546642857142,56,3,0.8947368421052632,2.0252489516128946,86.1150625,1979.9602005384613,0.4074074074074074,0.2962962962962963,0.07407407407407407,86.477520625,2059.9272006581195,0.1443075063646016,0.21062755184280146,1.4142135623730951,6.0,0.4537037037037037,0.5964912280701754,"Madigan III, Michael",2025-03-04,fastball
85.4467452631579,86.34122333333332,2160.382336,6.291424210526316,17.625801578947367,-2.064958947368421,174.09504142105266,5.899312105263157,87.37592,2141.2016926666665,-21.175051052631577,-0.831161052631579,-6.138326736842106,1.2452386315789474,84.25088473684211,19,4,0.75,0.5529003796296195,83.88305882352941,2152.0713371785714,0.5964912280701754,0.40350877192982454,0.10526315789473684,85.6127000245098,2090.6419128316033,0.1886070109049239,0.16615178966069227,0.9044627853354227,23.0,0.5012995451591943,0.5,"Madigan III, Michael",2025-03-27,fastball
84.40225532258064,86.9762823076923,1978.8432583709678,5.5070629032258065,10.331008387096775,6.957659677419355,191.27804949999998,5.494499838709678,88.18217,2197.2899686923074,-29.63860870967742,0.9163403225806451,-6.833677354838709,-0.3923434677419355,83.12453403225807,62,4,0.20634920634920634,0.5529003796296195,86.34122333333332,2160.382336,0.5,0.5,0.15,85.44644821895425,2097.471291239011,0.1886070109049239,0.2547885486973449,0.3476425607826182,6.0,0.5009746588693957,0.1746031746031746,"Madigan III, Michael",2025-04-02,fastball
84.452631875,84.45263187500001,2044.900424875,6.161801875,15.068413125,-4.1056475,171.8113634375,5.7881925,88.33296,2044.9004248750002,-23.63640125,-0.833085625,-6.543717125,0.609344375,84.36457125,16,2,0.9411764705882353,0.5529003796296195,86.9762823076923,1978.8432583709678,0.1746031746031746,0.31746031746031744,0.031746031746031744,85.73352148818502,2097.0989771831796,0.5217198362851506,0.2243781915925015,0.6241037348632102,8.0,0.4357003620161515,0.5882352941176471,"Madigan III, Michael",2025-04-10,fastball
84.5637705882353,85.69041692307694,1914.4110778235295,5.951036470588235,13.452512352941177,-5.546978235294118,156.86728411764705,6.14867,88.34158,2153.332995076923,-26.516491764705883,-0.8375676470588235,-6.356257294117647,0.012766411764705877,83.06733941176469,17,3,0.7222222222222222,0.5529003796296195,84.45263187500001,2044.900424875,0.5882352941176471,0.5294117647058824,0.0,85.92337917200854,2061.3753397486557,0.5175322147241874,0.2557600950958403,1.3048148927090144,283.0,0.4611228506997341,0.4444444444444444,"Madigan III, Michael",2026-01-18,fastball
83.34155666666666,88.53842833333334,2327.9190404761903,6.18613761904762,3.3506580952380953,-6.039786666666667,93.2033510952381,6.058864761904762,89.82659,2300.2127496666667,-36.476866666666666,2.0879628571428572,-7.523107714285715,-3.220491142857143,83.21618714285714,21,2,0.2727272727272727,0.5529003796296195,86.80271455710955,2135.781214422222,0.5614035087719298,0.4090909090909091,0.08196721311475409,86.6935669212963,2119.4027671852527,0.13658447722056608,0.1968608032878766,0.6976754609419789,8.0,0.5622132712685646,0.5,"McCarthy, Dylan",2025-03-04,offspeed
84.77578714285714,90.07502166666666,2384.890718047619,6.296238571428572,3.3171604761904763,-9.573184761904761,106.10812166666668,5.564331428571428,90.80596,2318.6792778333333,-34.738234761904764,2.116963333333333,-7.016365333333333,-3.7976962857142857,85.12077904761905,21,2,0.2727272727272727,0.5529003796296195,88.53842833333334,2327.9190404761903,0.5,0.45454545454545453,0.045454545454545456,88.53842833333334,2327.9190404761903,0.13658447722056608,0.1968608032878766,0.6976754609419789,29.0,0.5,0.36363636363636365,"McCarthy, Dylan",2025-04-02,offspeed
85.65845666666667,88.28905857142857,2345.129592952381,6.142008095238095,6.7536757142857144,-5.998581904761904,133.55232133333334,6.003958571428571,88.98853,2262.3922900000002,-30.780613809523807,1.9263952380952378,-7.606346238095238,-2.8688925714285713,85.8089,21,2,0.6363636363636364,0.5529003796296195,90.07502166666666,2384.890718047619,0.36363636363636365,0.22727272727272727,0.13636363636363635,89.306725,2356.4048792619046,0.22329687826943603,0.4714045207910317,0.7071067811865474,8.0,0.4318181818181818,0.5454545454545454,"McCarthy, Dylan",2025-04-10,offspeed
74.47954269230769,81.50520384615385,2004.551400923077,5.342130384615384,6.291566153846154,0.471861153846154,173.18788276923078,4.419348846153846,82.56775,2002.403708307692,-47.55596461538461,3.3530311538461537,-7.054920230769231,-4.045206461538462,72.54922346153846,26,3,0.48148148148148145,0.5529003796296195,86.80271455710955,2135.781214422222,0.5614035087719298,0.4090909090909091,0.08196721311475409,86.6935669212963,2119.4027671852527,0.13658447722056608,0.1968608032878766,0.6976754609419789,8.0,0.5622132712685646,0.4444444444444444,"Meeks, Gardner",2025-02-26,elite
69.84263833333334,78.26252,1969.0363416111113,5.319632222222221,6.2918811111111115,-9.306673888888888,144.55232894444444,4.762354444444444,79.55908,1927.4870616666667,-55.63207722222222,3.1724827777777778,-7.436936222222223,-4.685643944444445,67.34945111111111,18,3,0.3157894736842105,0.5529003796296195,81.50520384615385,2004.551400923077,0.4444444444444444,0.2962962962962963,0.07407407407407407,81.50520384615385,2004.551400923077,0.13658447722056608,0.1968608032878766,0.6976754609419789,4.0,0.4444444444444444,0.631578947368421,"Meeks, Gardner",2025-03-02,elite
72.41446066666667,79.98272999999999,1806.1566068,5.4320129999999995,6.516750333333333,2.1169770000000003,179.74790233333334,4.749067999999999,82.14608,1965.4728789166668,-49.40009833333333,2.590017,-7.335318833333333,-2.8701275666666666,71.02141166666667,30,3,0.3870967741935484,0.5529003796296195,78.26252,1969.0363416111113,0.631578947368421,0.5263157894736842,0.3157894736842105,79.88386192307692,1986.7938712670941,0.2459501847605383,0.3954436027488749,0.8768124086713189,2.0,0.5380116959064327,0.6451612903225806,"Meeks, Gardner",2025-03-04,elite
71.91700535714286,81.04707444444445,2001.2025743214285,5.027445,3.302769285714286,-5.924843214285714,143.10586935714284,4.575325,82.18415,1959.3663929999998,-55.30818142857142,3.172671428571429,-7.626531535714285,-4.726193107142857,69.3031617857143,56,3,0.3157894736842105,0.5529003796296195,79.98272999999999,1806.1566068,0.6451612903225806,0.41935483870967744,0.0967741935483871,79.91681794871795,1926.5814497780627,0.19550861670147954,0.2780353968755524,0.8229010775979403,14.0,0.573728227378482,0.5614035087719298,"Meeks, Gardner",2025-03-18,elite
73.34136307692307,80.96826631578948,1876.3237754615386,5.208385576923077,5.975118076923077,-1.1668528846153845,175.34129159615384,4.671198846153846,83.01643,2019.697282157895,-49.90953288461538,2.5940346153846154,-7.728659980769231,-3.3037881730769234,70.97178288461538,52,3,0.3584905660377358,0.5529003796296195,81.04707444444445,2001.2025743214285,0.5614035087719298,0.3157894736842105,0.0,79.76410814814814,1925.46517424418,0.07336635964830766,0.25034732751185396,1.1764726055013772,17.0,0.5706470477268439,0.6037735849056604,"Meeks, Gardner",2025-04-04,elite
71.37253,81.27868000000001,1930.02987575,5.25206375,3.37489375,-4.76534625,148.88546475,4.70431375,81.28554,1944.13867,-54.00570375,3.2432525,-8.103218,-4.370588875,69.8564725,8,3,0.2222222222222222,0.5529003796296195,80.96826631578948,1876.3237754615386,0.6037735849056604,0.4716981132075472,0.11320754716981132,80.66602358674464,1894.5609855276555,0.06940114284082816,0.19723610405920586,0.8739454893392872,1.0,0.5772723551626072,0.6666666666666666,"Meeks, Gardner",2025-04-05,elite
77.10794710526316,81.78121181818182,1846.9716605526314,5.487192631578947,8.298463684210526,5.63367,204.39838310526315,4.866002368421053,83.73972,1978.185431363636,-40.31534605263158,2.167469210526316,-6.572135815789474,-2.0623995263157897,75.99757447368421,38,3,0.5641025641025641,0.25218799999998964,81.27868000000001,1930.02987575,0.6666666666666666,0.4444444444444444,0.1111111111111111,81.09800692007798,1935.8520751776557,0.0867387965011282,0.20277663271294344,0.8661388593717888,20.0,0.5921714070799505,0.5128205128205128,"Meeks, Gardner",2025-04-25,elite
74.31573022727274,80.8706811764706,1815.5526683181818,5.420742272727273,8.681999545454545,3.7134611363636356,191.91930052272727,4.728432045454546,83.53535,1985.7237653529412,-45.28239295454545,2.41219,-6.689353863636364,-2.569479386363636,71.98695045454545,44,3,0.37777777777777777,0.5529003796296195,81.78121181818182,1846.9716605526314,0.5128205128205128,0.3076923076923077,0.05128205128205128,81.34271937799043,1884.441770588057,0.13012408112181703,0.21543155742139497,0.3827617865974295,2.0,0.5808355650428879,0.5111111111111111,"Meeks, Gardner",2025-04-27,elite
77.33186777777777,82.4809888235294,1927.2201147301587,5.180030952380952,7.0792512698412695,5.713094444444445,197.64159842857143,4.7596284126984125,84.96384,2052.312243911765,-41.89156396825397,2.279689523809524,-6.636819603174604,-1.8822535238095237,75.56794634920634,63,4,0.53125,0.6001611428571465,80.8706811764706,1815.5526683181818,0.5111111111111111,0.37777777777777777,0.13333333333333333,81.31019099821746,1864.1847348736044,0.1585012891069725,0.18156202624663564,0.43050973829746764,6.0,0.5721200083014158,0.578125,"Meeks, Gardner",2025-05-03,elite
84.80955,84.80955,2141.687176,4.88018,17.78966,10.60221,212.832727,5.16195,84.80955,2141.687176,-22.77375,0.83096,-4.848614,2.138658,82.22719,1,1,0.5,0.5529003796296195,82.4809888235294,1927.2201147301587,0.578125,0.421875,0.046875,81.71096060606061,1863.2481478669906,0.07154538552618839,0.156000562202949,0.6310553931022637,12.0,0.5727872296012585,0.0,"Meeks, Gardner",2025-05-15,elite
88.53823857142856,88.98127482142857,2107.7428329841273,5.398214285714285,7.509096190476191,12.075162380952381,187.01624101587302,5.760160634920635,93.86798,2141.5164338035715,-29.305159523809525,1.4709931746031746,-6.421301650793651,-0.5007157777777778,86.52093349206349,126,4,0.8818897637795275,-0.7272748260869548,86.80271455710955,2135.781214422222,0.5614035087719298,0.4090909090909091,0.08196721311475409,86.6935669212963,2119.4027671852527,0.13658447722056608,0.1968608032878766,0.6976754609419789,8.0,0.5622132712685646,0.5984251968503937,"O'Hara, Connor",2025-02-22,elite
90.01156816091954,91.24203855072462,2134.768441057471,5.335050114942529,9.980337701149425,16.906461379310343,223.75786642528735,5.8504693103448275,94.20681,2201.621008971015,-26.316803103448276,1.3955691954022988,-6.510188183908046,0.42509362068965517,87.10281643678161,87,5,0.7840909090909091,-1.1551544183673457,88.98127482142857,2107.7428329841273,0.5984251968503937,0.5196850393700787,0.11023622047244094,88.98127482142857,2107.7428329841273,0.13658447722056608,0.1968608032878766,0.6976754609419789,7.0,0.5984251968503937,0.5568181818181818,"O'Hara, Connor",2025-03-01,elite
87.34115178217823,89.24257880597015,2184.2555952376238,5.1824480198019796,5.055278811881188,8.662627623762376,178.0449664851485,5.755493465346535,93.86082,2232.1292320597017,-32.76870663366336,1.4543566336633662,-6.755888910891089,-0.7949448316831683,85.43682,101,5,0.6568627450980392,3.1729164255319233,91.24203855072462,2134.768441057471,0.5568181818181818,0.38636363636363635,0.06818181818181818,90.1116566860766,2121.2556370207994,0.050934033498837544,0.20809581354294995,0.33334020778102047,14.0,0.5776216893342878,0.7156862745098039,"O'Hara, Connor",2025-03-15,elite
83.16596,86.99538,1653.509948,6.513436666666666,8.052958333333335,-8.275903333333334,135.9642663333333,5.452211666666667,91.5429,1848.1264904999998,-31.773685,-1.56156,-6.967946833333333,0.5824125,83.49191333333333,6,3,0.5714285714285714,0.5529003796296195,89.24257880597015,2184.2555952376238,0.7156862745098039,0.5196078431372549,0.12745098039215685,89.82196405937445,2142.255623093074,0.1320973347176883,0.1619272355086873,0.29904726106379437,18.0,0.6236432177261265,0.5714285714285714,"O'Hara, Connor",2025-04-02,elite
87.57157840707964,88.39765319587629,2170.539061964602,5.284596902654867,4.862999646017699,8.289526814159291,172.9769337256637,5.839318053097345,92.99711,2185.902416154639,-32.49959619469026,1.3227881415929206,-7.250694345132743,-0.5051748672566372,85.89206911504424,113,4,0.8508771929824561,0.5294950389610449,86.99538,1653.509948,0.5714285714285714,0.2857142857142857,0.14285714285714285,89.15999911889826,1990.8446614316983,0.1428619368662097,0.2953581389900522,0.34943085222510945,3.0,0.6105895561517377,0.631578947368421,"O'Hara, Connor",2025-04-05,elite
86.88228698924732,88.51243873015869,2094.3262020752686,5.279618709677419,3.4435563440860215,9.87572569892473,181.90182530107526,5.802804731182796,94.60671,2155.7481407460314,-34.51739204301075,1.2617209677419354,-7.143414333333333,-0.6404340860215053,85.27902838709677,93,4,0.6702127659574468,0.268651441860456,88.39765319587629,2170.539061964602,0.631578947368421,0.42105263157894735,0.14912280701754385,88.21187066728214,2002.768201734075,0.11329526143462532,0.2872560237816083,0.07976916514966166,21.0,0.6147874343950743,0.723404255319149,"O'Hara, Connor",2025-04-26,elite
88.27520895348837,89.6372646969697,2152.5445861744183,5.068501511627907,4.004969069767442,8.363783023255815,189.8301833023256,5.775204767441861,94.16524,2193.470226575758,-33.06551441860465,1.2252701162790698,-6.880910709302326,-0.5654767325581396,86.28795813953488,86,4,0.7586206896551724,-0.8716945652173962,88.51243873015869,2094.3262020752686,0.723404255319149,0.5,0.13829787234042554,87.96849064201166,1972.7917373466234,0.11918948377925492,0.2694118748672818,0.03789298340813689,7.0,0.6328902378824202,0.6206896551724138,"O'Hara, Connor",2025-05-03,elite
86.21070163265306,90.18696076923077,2025.763987632653,4.775355102040816,3.7196469387755102,10.08041918367347,218.5688305102041,5.750841836734693,92.21005,2084.962893576923,-35.888723469387756,1.3285248979591835,-7.177330020408163,-0.7636178367346939,83.56634306122449,49,4,0.52,-1.693580499999996,89.6372646969697,2152.5445861744183,0.6206896551724138,0.5172413793103449,0.05747126436781609,88.84911887433488,2139.136616738096,0.08567534062294486,0.10697495313146149,0.43564489948751955,13.0,0.6311472974952764,0.62,"O'Hara, Connor",2025-05-16,elite
78.567716,82.973015,2242.5228736,4.990272666666667,-7.561306,5.308121333333333,293.814835,5.840258666666667,83.50563,2200.8453689999997,-55.493869333333336,-1.6572740000000001,-8.617033066666666,2.5341683333333336,75.70921666666666,15,2,0.125,0.5529003796296195,86.80271455710955,2135.781214422222,0.5614035087719298,0.4090909090909091,0.08196721311475409,86.6935669212963,2119.4027671852527,0.13658447722056608,0.1968608032878766,0.6976754609419789,8.0,0.5622132712685646,0.5,"Okeeffe, Shaun",2025-02-25,offspeed
77.70398333333334,86.99538,2346.9649336666666,4.58415,-8.040476666666667,9.905293333333333,313.79154366666666,5.75527,89.19216,2125.634418676471,-56.489399999999996,-1.66263,-9.252615,2.752179,75.24204999999999,3,1,0.0,0.5529003796296195,82.973015,2242.5228736,0.5,0.375,0.125,82.973015,2242.5228736,0.13658447722056608,0.1968608032878766,0.6976754609419789,3.0,0.5,0.5,"Okeeffe, Shaun",2025-02-28,offspeed
78.52047736842106,81.97246,2283.4277710526317,5.1081705263157895,-4.9456500000000005,3.213782105263158,275.23822805263154,5.778558947368421,82.57566,2161.575494,-53.12851578947369,-1.7981889473684212,-8.341567947368421,2.387947368421053,75.53291368421053,19,2,0.2,0.5529003796296195,86.80271455710955,2346.9649336666666,0.5,0.75,0.0,82.973015,2294.7439036333335,0.0,0.4714045207910316,1.4142135623730951,1.0,0.5,0.65,"Okeeffe, Shaun",2025-03-01,offspeed
76.52775000000001,86.99538,2156.739812,5.06703,-6.740806666666667,9.97523,310.68684833333333,5.773773333333334,89.19216,2125.634418676471,-56.847339999999996,-1.8031133333333333,-9.554626,3.0385879999999994,73.98872999999999,3,1,0.0,0.5529003796296195,81.97246,2283.4277710526317,0.65,0.45,0.15,82.4727375,2290.971859439766,0.1574591643244434,0.3779644730092272,0.8766955237266322,1.0,0.5499999999999999,0.5,"Okeeffe, Shaun",2025-03-02,offspeed
77.45454,82.66468,2256.8661693999998,4.98735,-3.5599639999999995,4.174072,275.3725756,5.809988,82.66468,2216.982342,-51.425658,-1.8116119999999998,-9.0482772,2.959787,75.85675599999999,5,2,0.16666666666666666,0.5529003796296195,86.80271455710955,2156.739812,0.5,0.25,0.0,81.97246,2262.3775055730994,0.1574591643244434,0.5206782369152242,1.7320508075688772,2.0,0.5375,0.5,"Okeeffe, Shaun",2025-03-04,offspeed
80.35571166666666,84.224805,2297.2920106666666,4.91853,-3.3162416666666665,1.2407683333333335,255.79669366666667,5.81726,84.48467,2304.1144674999996,-48.925308333333334,-1.4820316666666666,-7.831596666666667,1.5817881666666667,77.68313500000001,12,2,0.3076923076923077,0.5529003796296195,82.66468,2256.8661693999998,0.5,0.3333333333333333,0.16666666666666666,82.31857,2232.344584150877,0.1574591643244434,0.2916635696778253,0.8696164022030688,14.0,0.53,0.46153846153846156,"Okeeffe, Shaun",2025-03-18,offspeed
77.69843,86.99538,2469.2313624999997,4.98216,-9.130025,9.46282,316.39472850000004,5.72891,89.19216,2125.634418676471,-57.329105,-1.6769599999999998,-9.3584225,4.113681,75.4454,2,1,0.0,0.5529003796296195,84.224805,2297.2920106666666,0.46153846153846156,0.46153846153846156,0.0,83.4447425,2236.9659973555554,0.04558028440970724,0.30594988073108487,1.7320508075688774,17.0,0.5185897435897436,0.0,"Okeeffe, Shaun",2025-04-04,offspeed
78.93999,86.99538,2573.25173,4.92415,-8.47745,4.63394,334.872858,5.53717,89.19216,2125.634418676471,-54.91727,-1.55746,-8.968028,2.830328,76.84885,1,1,0.0,0.5529003796296195,86.80271455710955,2469.2313624999997,0.0,0.0,0.0,83.4447425,2341.129847522222,0.868101376568428,0.8991845074042814,1.7320508075688774,1.0,0.44450549450549454,0.5,"Okeeffe, Shaun",2025-04-05,offspeed
79.69521785714286,81.50537125,2324.7950834285716,5.0962121428571425,-0.8436042857142858,-2.4675535714285712,193.55699014285713,5.713750714285714,82.35979,2230.945036,-46.87879071428572,-1.570757857142857,-8.929963642857143,1.6215466428571428,77.28717928571429,14,2,0.5333333333333333,0.5529003796296195,86.80271455710955,2573.25173,0.5,0.5,0.0,84.224805,2446.5917010555554,0.868101376568428,0.8681013765684285,0.6976754609419789,10.0,0.4514423076923077,0.26666666666666666,"Okeeffe, Shaun",2025-04-15,offspeed
79.422199,82.07813333333333,2458.4139354999998,5.055579,-6.897735,4.649628999999999,261.5080749,5.649429,83.29792,2237.5216683333333,-53.83893499999999,-1.9058869999999999,-8.1586622,2.7739762,76.545141,10,2,0.2727272727272727,0.5529003796296195,81.50537125,2324.7950834285716,0.26666666666666666,0.2,0.0,81.50537125,2455.7593919761907,0.9789852390606697,1.0785477764672506,0.6976754609419789,12.0,0.4309116809116809,0.5454545454545454,"Okeeffe, Shaun",2025-04-27,offspeed
80.74580571428571,82.37105374999999,2374.387772428571,4.481234285714286,0.14454357142857135,-4.092707142857143,202.8288912142857,5.656769285714286,83.1924,2292.064343375,-45.31961857142857,-1.6724814285714287,-8.222897285714286,0.6441783571428571,77.77456285714285,14,2,0.5333333333333333,0.5529003796296195,82.07813333333333,2458.4139354999998,0.5454545454545454,0.36363636363636365,0.09090909090909091,81.79175229166665,2452.1535829761906,0.3419807905675193,0.4236592728681619,1.7320508075688772,19.0,0.44236596736596734,0.4666666666666667,"Okeeffe, Shaun",2025-05-16,offspeed
80.37786722222222,81.02133083333334,2144.2924298333332,5.162333888888889,2.5687661111111115,-13.648370555555555,116.78281855555555,5.5842744444444445,82.9641,2123.996195166667,-42.84654444444445,-2.342346111111111,-8.44550211111111,1.431863388888889,77.77502833333334,18,4,0.631578947368421,0.5529003796296195,82.37105374999999,2374.387772428571,0.4666666666666667,0.3333333333333333,0.06666666666666667,81.98485277777776,2385.8655971190474,0.33715974240440577,0.2911683976542609,0.8962446305946956,126.0,0.44457512184784914,0.7368421052631579,"Okeeffe, Shaun",2025-09-19,offspeed
80.26569324324323,81.66538842105264,2264.5132120810813,4.922244594594595,-0.5220456756756757,-4.9785789189189185,198.57475678378378,5.510251081081081,83.48424,2171.3048527368423,-46.09926135135135,-2.12643,-7.703190054054054,1.7643248648648646,77.67368594594595,37,3,0.5,0.5529003796296195,81.02133083333334,2144.2924298333332,0.7368421052631579,0.3684210526315789,0.3684210526315789,81.82350597222222,2325.6980459206347,0.23832975174778415,0.05357943164123959,0.956233148849242,7.0,0.4689307037991248,0.5789473684210527,"Okeeffe, Shaun",2025-09-26,offspeed
80.70051714285715,83.06638,2324.6890208571426,4.833708571428572,-2.7523785714285713,-3.8339614285714285,224.38839414285712,5.546167142857143,84.02158,2203.2598749999997,-48.019235714285706,-1.9499614285714286,-8.261267285714286,2.391132,77.97577,7,2,0.375,0.5529003796296195,81.66538842105264,2264.5132120810813,0.5789473684210527,0.4473684210526316,0.02631578947368421,81.68592433479533,2261.064471447662,0.22843977186439918,0.1524807966063988,1.2155828717577073,8.0,0.47739352415465774,0.5,"Okeeffe, Shaun",2025-10-04,offspeed
80.5127725,82.91283727272726,2339.0495254642856,4.916006428571428,-1.1032214285714286,-0.9358617857142858,217.70613492857143,5.520008928571428,84.52949,2226.093589727273,-46.15491107142857,-1.8743221428571428,-7.344965071428571,1.829501,78.15634464285714,28,3,0.3793103448275862,0.5529003796296195,83.06638,2324.6890208571426,0.5,0.5,0.0,81.917699751462,2244.498220923852,0.1992424215198192,0.15099668870541505,1.5620499351813308,6.0,0.4790082724293251,0.6551724137931034,"Okeeffe, Shaun",2025-10-10,offspeed
81.1776295,83.8842,2347.38450555,4.9751255,-1.6547,-1.8071425,215.53414159999997,5.420019,84.97948,2260.9339688,-45.6053505,-2.056452,-7.74483615,1.8912334999999998,79.092935,20,4,0.23809523809523808,0.5529003796296195,82.91283727272726,2339.0495254642856,0.6551724137931034,0.41379310344827586,0.13793103448275862,82.54820189792663,2309.4172528008366,0.1342298051058443,0.09577055915050299,1.3375529721693942,8.0,0.49075254852024364,0.6190476190476191,"Okeeffe, Shaun",2025-10-18,offspeed
79.76609509803922,81.43302720000001,2137.815491039216,5.226968039215687,1.3393254901960785,-4.434412352941177,179.62385088235294,5.337138823529411,85.30307,2073.3012844,-44.84730764705882,-1.411167450980392,-7.737144725490196,0.6606870196078433,77.20456,51,4,0.4807692307692308,-3.750580999999997,83.8842,2347.38450555,0.6190476190476191,0.47619047619047616,0.3333333333333333,83.28780575757575,2337.0410172904762,0.13729139446701136,0.09608654558078467,1.066219170458263,6.0,0.4987709904282046,0.36538461538461536,"Okeeffe, Shaun",2025-10-24,offspeed
79.70942088888889,80.7927816,2206.732714266667,5.018939555555556,-1.3358524444444444,-4.117792666666666,168.98842551111113,5.4180282222222225,82.43967,2168.5333777200003,-47.54942,-1.9854735555555556,-7.867033377777778,1.5186722222222222,77.10457333333333,45,3,0.5434782608695652,-0.758702999999997,81.43302720000001,2137.815491039216,0.36538461538461536,0.3076923076923077,0.057692307692307696,82.74335482424243,2274.7498406845,0.2889424233297308,0.2133844281374605,0.8040741422783843,7.0,0.49092473307269935,0.5217391304347826,"Okeeffe, Shaun",2025-10-31,offspeed
77.60217342105264,79.10195904761903,2008.2543155789474,5.177035263157895,0.1062971052631578,-12.008199736842107,177.24751639473683,5.417257894736842,80.28129,1928.6631236190476,-48.73437684210526,-2.0203963157894735,-8.645793394736842,0.9856136578947369,75.02599236842104,38,3,0.5384615384615384,-1.2382975000000016,80.7927816,2206.732714266667,0.5217391304347826,0.41304347826086957,0.13043478260869565,82.0366696,2230.644236951961,0.2548947787013969,0.21336011593861948,0.8218282871550623,79.0,0.49263664403725954,0.5128205128205128,"Okeeffe, Shaun",2026-01-18,offspeed
85.77340138888889,86.04035485714284,2199.67275175,5.598858888888889,9.62325888888889,1.8596472222222222,149.13914177777778,5.491175277777778,92.78081,2195.0163404,-29.74968333333333,1.5590991666666667,-6.1165540555555555,-1.3215894166666666,83.97086583333333,72,3,0.958904109589041,0.2798482999999976,86.80271455710955,2135.781214422222,0.5614035087719298,0.4090909090909091,0.08196721311475409,86.6935669212963,2119.4027671852527,0.13658447722056608,0.1968608032878766,0.6976754609419789,8.0,0.5622132712685646,0.684931506849315,"Rumberg, Logan",2025-02-22,elite
87.76600306451613,88.2081393220339,2279.607496,5.649983064516129,13.061082096774195,4.006016774193548,177.59500288709677,5.670402419354839,92.42181,2266.782928728813,-24.294629032258065,1.4439777419354838,-5.948019016129032,-1.1171680161290323,86.06000290322581,62,4,0.9365079365079365,-0.12721053846154007,86.04035485714284,2199.67275175,0.684931506849315,0.5205479452054794,0.136986301369863,86.04035485714284,2199.67275175,0.13658447722056608,0.1968608032878766,0.6976754609419789,3.0,0.684931506849315,0.6825396825396826,"Rumberg, Logan",2025-02-25,elite
88.14266363636364,88.47662031249999,2239.0183074848487,5.8333196969696965,16.826880303030304,5.966893939393939,192.80505748484848,5.620062727272727,92.41605,2231.068524875,-20.658426363636362,1.0009687878787878,-5.772811606060606,-0.5585187878787878,85.86166272727273,33,3,0.9411764705882353,1.2246898333333291,88.2081393220339,2279.607496,0.6825396825396826,0.47619047619047616,0.14285714285714285,87.12424708958838,2239.640123875,0.0024735807260460045,0.06293620565534716,0.029668815993841153,4.0,0.6837355946944987,0.5,"Rumberg, Logan",2025-03-01,elite
85.93447708333333,85.93447708333333,2295.7156632916667,5.44138,9.529062916666666,1.78681625,150.2363185,5.589626666666667,92.24404,2295.7156632916667,-29.81402,1.6307954166666667,-6.573825583333334,-1.6242068749999998,83.75981166666666,48,2,0.9795918367346939,-0.462959285714291,88.47662031249999,2239.0183074848487,0.5,0.4411764705882353,0.11764705882352941,87.57503816389224,2239.43285174495,0.17042276736267822,0.08298952156203605,0.09955740706229857,17.0,0.6224903964629992,0.5306122448979592,"Rumberg, Logan",2025-03-18,elite
87.599684,92.17133129032258,2364.7539231,5.717029800000001,11.1654178,3.1741612,155.73538492,5.524267,94.14221,2314.4248035483874,-26.83011,2.1524582,-6.2683667000000005,-1.80283578,85.6971914,50,2,0.6078431372549019,0.5787142272727266,85.93447708333333,2295.7156632916667,0.5306122448979592,0.4897959183673469,0.0,87.53974557262241,2271.447155592172,0.1711897687277293,0.053475672265411646,0.8781069412139484,28.0,0.5995208585717392,0.5294117647058824,"Rumberg, Logan",2025-04-15,elite
86.56649813559322,90.48103833333332,2341.4786212372883,5.561148305084746,7.462330338983051,2.551440508474576,158.16708,5.438802033898305,94.13957,2335.2707447777775,-31.10587966101695,2.477541186440678,-6.229886898305085,-2.7515070677966103,85.01868084745763,59,4,0.6,3.5445502500000003,92.17133129032258,2364.7539231,0.5294117647058824,0.3137254901960784,0.11764705882352941,88.86080956205195,2299.8292979588387,0.03334147222914907,0.21915898717429927,0.8660254037844386,32.0,0.5854990397985678,0.5166666666666667,"Rumberg, Logan",2025-05-17,elite
86.47815625,88.62501650000002,2271.7120861666667,5.659468333333333,10.357482916666667,2.1704,163.936765,5.6221025000000004,92.23286,2232.9940668500003,-28.745563750000002,2.1854395833333333,-5.6489372499999995,-1.8492772083333333,84.581055,24,3,0.8,0.5529003796296195,90.48103833333332,2341.4786212372883,0.5166666666666667,0.4,0.13333333333333333,89.52894890232976,2333.982735876318,0.01470474773678475,0.21945870412735427,0.8710849915478972,125.0,0.5740269776099177,0.44,"Rumberg, Logan",2025-09-19,elite
84.9676840625,89.77216105263157,2278.03997990625,5.42811625,5.3135228125,0.9888765625,139.43950528125,5.605464375,92.75924,2206.761869210526,-35.6235428125,2.285575,-6.70414809375,-2.66403675,82.7765240625,32,5,0.5757575757575758,0.5529003796296195,88.62501650000002,2271.7120861666667,0.44,0.4,0.04,90.42579537455197,2325.9815435013184,0.09763491220183249,0.13417294988209583,0.5152620883129034,7.0,0.5548802665227865,0.5757575757575758,"Rumberg, Logan",2025-09-26,elite
86.30028666666666,88.95078,2352.3951702222225,5.60143,7.005974444444444,0.21003222222222218,149.5910707777778,5.6527433333333335,94.24958,2296.745168142858,-32.478500000000004,2.2207888888888885,-6.750827888888889,-2.497337,84.22485333333333,9,3,0.7,0.5529003796296195,89.77216105263157,2278.03997990625,0.5757575757575758,0.48484848484848486,0.09090909090909091,89.6260719619883,2297.076895770069,0.13325580728056352,0.11438071370737865,0.5305457866651748,8.0,0.5574899301771352,0.6,"Rumberg, Logan",2025-10-04,elite
86.2046372,89.2344494117647,2208.13925182,5.4253542,9.338866399999999,5.557808199999999,181.02995272,5.7857222,93.36021,2186.779349764706,-29.8254574,2.3927145999999997,-6.52558124,-2.1193192400000003,84.2529572,50,5,0.6666666666666666,-0.2517467142857157,88.95078,2352.3951702222225,0.6,0.3,0.2,89.11598585087721,2300.715745431713,0.1601118868351578,0.23427724223846272,0.741086386817027,6.0,0.5622132712685646,0.5490196078431373,"Rumberg, Logan",2025-10-10,elite
85.14633318181818,88.71562677419355,2387.2521815454547,5.5680356818181815,5.575560454545454,-1.4460329545454547,131.37137822727274,5.750141590909091,94.00419,2305.1244948387093,-34.94292863636363,2.274509090909091,-6.7003366363636365,-2.571010840909091,83.25066363636364,44,3,0.6888888888888889,-2.331502318181819,89.2344494117647,2208.13925182,0.5490196078431373,0.45098039215686275,0.0392156862745098,89.31913015479876,2279.5248006494908,0.04435420571242455,0.23890035614709673,0.7459170522781127,8.0,0.560893904926022,0.6,"Rumberg, Logan",2025-10-18,elite
88.63376788461538,89.15701122448979,2209.38653725,5.816678461538462,20.216733269230772,6.892744615384616,195.2434278076923,5.766078846153846,92.27173,2256.141679346939,-17.060629807692308,2.0433682692307693,-5.020669673076923,-1.7866114615384616,86.10539903846153,52,4,0.9245283018867925,-0.1040358275862161,88.71562677419355,2387.2521815454547,0.6,0.4222222222222222,0.13333333333333333,88.96695206198608,2315.9288678625594,0.05048578587084065,0.20499500336540957,0.6505058760202264,97.0,0.5644490044782017,0.660377358490566,"Rumberg, Logan",2026-01-23,elite
86.17038666666666,88.48988923076924,2197.6048211904763,5.915172380952381,10.502971428571428,6.433020952380952,183.69532328571427,5.813811428571428,90.14766,2210.1033557692303,-28.050049523809527,1.3362890476190477,-5.802020000000001,-0.9235655238095238,84.55759666666667,21,4,0.5909090909090909,0.5529003796296195,86.80271455710955,2135.781214422222,0.5614035087719298,0.4090909090909091,0.08196721311475409,86.6935669212963,2119.4027671852527,0.13658447722056608,0.1968608032878766,0.6976754609419789,8.0,0.5622132712685646,0.5,"Stewart, Owen",2025-03-17,offspeed
86.42381333333333,87.6282453846154,2131.524122047619,5.958892857142858,11.996907142857143,6.894821428571428,196.0233911904762,5.995400476190476,91.08509,2225.164234615385,-25.83181619047619,1.5747719047619049,-6.463700523809523,-1.4987989523809524,85.32580333333333,21,7,0.6,0.5529003796296195,88.48988923076924,2197.6048211904763,0.5,0.45454545454545453,0.0,88.48988923076924,2197.6048211904763,0.13658447722056608,0.1968608032878766,0.6976754609419789,7.0,0.5,0.4,"Stewart, Owen",2025-03-24,offspeed
84.51704000000001,89.01994153846155,2364.887144095238,6.02273,10.863864761904761,1.0862780952380953,168.1865018095238,5.887079523809524,90.2656,2317.3355378461542,-29.791034285714286,1.7149485714285713,-6.794670428571428,-1.8315338571428572,82.90475619047619,21,2,0.5909090909090909,0.5529003796296195,87.6282453846154,2131.524122047619,0.4,0.4,0.0,88.05906730769232,2164.5644716190477,0.1571348402636772,0.09026895078977193,0.6976754609419789,22.0,0.45,0.45454545454545453,"Stewart, Owen",2025-04-15,offspeed
84.22303166666667,86.1806630769231,2369.253367611111,5.948019444444444,6.821818888888888,-5.080822222222222,132.91041455555558,5.911757777777778,90.56968,2329.632365230769,-33.67484388888889,1.3704283333333334,-7.546905111111111,-2.5263102777777777,82.63018111111111,18,3,0.6842105263157895,0.5529003796296195,89.01994153846155,2364.887144095238,0.45454545454545453,0.3181818181818182,0.09090909090909091,88.37935871794873,2231.338695777778,0.11089068216012285,0.1755775450062964,1.7320508075688772,12.0,0.4515151515151515,0.42105263157894735,"Stewart, Owen",2025-04-27,offspeed
87.0741495,89.33717785714285,2391.1161494,6.0273505,10.066204,0.8691735000000002,167.6674409,5.966687,91.1812,2346.7047617142853,-26.963662499999998,1.4786745,-7.12863155,-2.4059988,86.463776,20,3,0.6666666666666666,0.5529003796296195,86.1806630769231,2369.253367611111,0.42105263157894735,0.3157894736842105,0.15789473684210525,87.60961666666668,2288.5548779179894,0.06469470566346704,0.13910429948426234,0.9555583268311418,7.0,0.44389952153110046,0.42857142857142855,"Stewart, Owen",2025-05-04,offspeed
83.88474380952381,89.81763666666666,2461.9828878095236,5.47634380952381,5.280856666666667,-7.892241904761905,125.27235814285714,5.833462380952382,91.92858,2334.286792166666,-35.59759476190476,1.6720238095238094,-7.3831765238095235,-2.854901619047619,82.3900838095238,21,4,0.2727272727272727,0.5529003796296195,89.33717785714285,2391.1161494,0.42857142857142855,0.3333333333333333,0.09523809523809523,88.17926082417584,2375.085553702116,0.04042440293139141,0.0295062327587332,0.32688207730136715,13.0,0.440833902939166,0.5,"Stewart, Owen",2025-05-17,offspeed
78.11679,86.99538,2378.54219,5.29163,-3.57666,-5.87174,49.351585,5.37863,89.19216,2125.634418676471,-50.48971,2.22052,-8.489495,-3.007103,76.4603,1,1,0.0,0.5529003796296195,89.81763666666666,2461.9828878095236,0.5,0.4090909090909091,0.09090909090909091,88.44515920024419,2407.450801606878,0.0968542543215249,0.14057237380893986,0.32688207730136715,125.0,0.4506949191159717,0.0,"Stewart, Owen",2025-09-19,offspeed
87.10404428571428,89.30869650000001,2441.0161657142858,5.391185,7.249137499999999,-1.303784285714286,151.0165757857143,6.271287857142857,93.09995,2398.97637885,-30.95468071428572,1.3173707142857143,-6.823084285714286,-1.6299424285714286,85.13223107142858,28,4,0.6896551724137931,0.5529003796296195,86.80271455710955,2378.54219,0.0,0.5,0.0,89.57740726190474,2410.547075736508,0.873678207046196,0.20149648343729648,0.8667276815620569,7.0,0.3863099306708329,0.6551724137931034,"Stewart, Owen",2025-09-26,offspeed
86.0320425,88.76851535714287,2481.7638448000002,5.45803,6.7597525,-4.10892275,137.86218739999998,6.056915999999999,93.12534,2443.8077645357143,-32.221976999999995,1.6039345,-6.6878056,-2.134112175,84.43515575,40,3,0.6829268292682927,0.15671125000001496,89.30869650000001,2441.0161657142858,0.6551724137931034,0.4482758620689655,0.06896551724137931,89.56316658333333,2427.1804145079363,0.8891564781257602,0.10077993775361963,0.8901615264953857,8.0,0.41991774106111673,0.5609756097560976,"Stewart, Owen",2025-10-04,offspeed
85.39499967741936,88.4962225,2434.2795296451613,5.743572580645161,8.326423870967743,-2.502805483870968,150.43255303225808,6.036916451612903,91.75919,2411.75276495,-30.835616129032257,1.6660764516129032,-6.556388483870967,-1.8288522580645161,84.19553741935484,31,4,0.625,0.5529003796296195,88.76851535714287,2481.7638448000002,0.5609756097560976,0.4878048780487805,0.12195121951219512,89.03860592857144,2433.774066838095,0.8737839493714864,0.056485020562807874,0.9608877786797233,104.0,0.4355908375827813,0.5625,"Stewart, Owen",2026-01-16,offspeed
84.55964452830187,87.51188454545454,2493.7951319811323,5.57255716981132,8.363291509433962,-6.399443773584906,133.1477076981132,6.0194007547169806,92.96163,2463.0424180606055,-32.547583396226415,1.6111283018867923,-6.814981943396226,-2.394182358490566,82.41572830188679,53,3,0.6111111111111112,1.541203961538443,88.4962225,2434.2795296451613,0.5625,0.40625,0.125,88.85781145238097,2452.353180053149,0.09099588043390207,0.09114849454959278,0.2992083985536585,7.0,0.44828175382450314,0.5370370370370371,"Stewart, Owen",2026-01-23,offspeed
80.88009473684211,86.0299275,1945.4497527368421,6.121338421052632,16.003555263157892,-16.022216842105262,131.69297636842103,6.29983052631579,87.2668,2102.5984529999996,-27.423955789473684,-0.6075294736842105,-7.008125736842106,-1.1388121578947368,79.76135000000001,19,2,0.4,0.5529003796296195,86.80271455710955,2135.781214422222,0.5614035087719298,0.4090909090909091,0.08196721311475409,86.6935669212963,2119.4027671852527,0.13658447722056608,0.1968608032878766,0.6976754609419789,8.0,0.5622132712685646,0.65,"Uchman, Ty",2025-02-26,offspeed
77.64779846153846,82.85356250000001,1811.2811974615383,6.302347692307692,18.12179769230769,-18.1829,131.6500996923077,6.430816923076923,84.05491,1970.50475325,-29.032117692307693,-0.7558576923076923,-6.283123,-1.751675076923077,76.42642,13,2,0.2857142857142857,0.5529003796296195,86.0299275,1945.4497527368421,0.65,0.45,0.25,86.0299275,1945.4497527368421,0.13658447722056608,0.1968608032878766,0.6976754609419789,4.0,0.65,0.6428571428571429,"Uchman, Ty",2025-03-02,offspeed
80.46819629629628,84.16595142857143,1841.8998188148148,6.214695925925925,12.91354185185185,-13.504298888888888,129.19033962962962,6.395101111111111,85.48013,2011.6040329285715,-30.16342962962963,-0.6858174074074074,-7.384778074074074,-0.876658962962963,79.99821333333333,27,2,0.5,0.5529003796296195,82.85356250000001,1811.2811974615383,0.6428571428571429,0.2857142857142857,0.21428571428571427,84.441745,1878.3654750991902,0.007813334598746353,0.3157952615007883,0.10878565864408431,2.0,0.6464285714285715,0.6428571428571429,"Uchman, Ty",2025-03-04,offspeed
76.47650269230769,84.34824,1801.4675875384614,6.059330384615384,9.702826153846154,-15.154110384615384,126.61680038461539,6.339723461538461,85.8146,2062.2952952,-38.49763923076923,-1.0045423076923077,-8.094687653846155,-0.40840434615384613,75.69709346153846,52,3,0.18867924528301888,0.5529003796296195,84.16595142857143,1841.8998188148148,0.6428571428571429,0.5357142857142857,0.2857142857142857,84.34981380952381,1866.2102563377318,0.006391331393243066,0.29976003532481127,0.14285714285714285,14.0,0.6452380952380953,0.6037735849056604,"Uchman, Ty",2025-03-18,offspeed
85.10419625,87.33908769230767,2320.4918269375,5.77497,11.05493125,11.49222875,206.2901325,5.4028849999999995,89.19911,2292.884986076923,-28.830906875,1.875026875,-6.4719413125,-1.4951285,83.45498375,16,3,0.7647058823529411,0.5529003796296195,86.80271455710955,2135.781214422222,0.5614035087719298,0.4090909090909091,0.08196721311475409,86.6935669212963,2119.4027671852527,0.13658447722056608,0.1968608032878766,0.6976754609419789,8.0,0.5622132712685646,0.5294117647058824,"Yount, Britt",2025-02-23,fastball
85.9662975,87.258735,2178.87263325,5.95599,9.89274,21.68554875,248.707106875,5.30380625,88.09781,2292.5249678333334,-28.49499625,1.81998375,-6.706480625,0.398211125,84.642165,8,2,0.6666666666666666,0.5529003796296195,87.33908769230767,2320.4918269375,0.5294117647058824,0.47058823529411764,0.17647058823529413,87.33908769230767,2320.4918269375,0.13658447722056608,0.1968608032878766,0.6976754609419789,5.0,0.5294117647058824,0.5555555555555556,"Yount, Britt",2025-02-28,fastball
85.3825980952381,87.429135625,2267.2913496190477,5.982053809523809,11.344183333333334,17.838955238095238,228.252521,5.283290952380953,88.94079,2294.3113964374998,-28.435380952380953,1.77606,-5.977658047619048,-0.1425452857142857,83.39836333333334,21,4,0.7272727272727273,0.5529003796296195,87.258735,2178.87263325,0.5555555555555556,0.4444444444444444,0.0,87.29891134615383,2249.68223009375,0.03407743523790585,0.04040610178208846,1.4142135623730951,1.0,0.542483660130719,0.6818181818181818,"Yount, Britt",2025-03-01,fastball
81.66190586206898,87.27976066666665,2258.1915684482756,5.465565172413793,5.252824827586207,5.201812068965517,181.13654727586206,5.396092068965517,88.8668,2237.9428173999995,-38.095197931034484,1.8523103448275862,-6.8783625862068964,-1.7379526551724138,80.3340724137931,29,3,0.5,0.5529003796296195,87.429135625,2267.2913496190477,0.6818181818181818,0.5454545454545454,0.045454545454545456,87.34231943910255,2255.551936602182,0.13838685625632263,0.10769064598590934,1.2386221911870823,14.0,0.5889285006932066,0.6,"Yount, Britt",2025-03-15,fastball
82.89737,86.45949272727272,1932.1291290000001,5.415431,7.056649,12.1898535,239.71741525000002,5.3274954999999995,87.85062,2084.6543855454543,-34.5749755,2.104407,-6.4078763499999996,-0.8869597499999999,81.542722,20,3,0.5238095238095238,0.5529003796296195,87.27976066666665,2258.1915684482756,0.6,0.4666666666666667,0.06666666666666667,87.32254376388887,2234.785183772441,0.10457300475537325,0.10932397447400026,0.9113359621668848,21.0,0.591696375519905,0.6190476190476191,"Yount, Britt",2025-04-05,fastball
82.14342514285714,83.52873000000001,2197.5604841714285,5.772618857142858,11.998249142857143,19.570607142857146,238.70630937142855,5.202827428571429,87.50489,2248.6480063214285,-30.726178,2.1092865714285716,-6.055828685714285,-0.2776964571428572,80.39264628571429,35,3,0.7777777777777778,3.0577592500000037,86.45949272727272,1932.1291290000001,0.6190476190476191,0.42857142857142855,0.047619047619047616,87.0561296729798,2152.537349022441,0.06756700146736748,0.12412874760829277,0.21921087419045165,10.0,0.5971666242254478,0.5833333333333334,"Yount, Britt",2025-04-15,fastball
83.56086625,86.989204,2187.5573715,5.25807625,7.265890000000001,15.45290625,231.36550675,5.2753137500000005,87.67944,2286.7258838000002,-34.75277375,2.0855725,-6.355396,-0.8938573750000001,81.2474725,8,3,0.5555555555555556,0.5529003796296195,83.52873000000001,2197.5604841714285,0.5833333333333334,0.4722222222222222,0.027777777777777776,85.75599446464646,2129.2937272065683,0.029744597752173488,0.052127962598332994,0.41064302717177786,32.0,0.5948610757434287,0.7777777777777778,"Yount, Britt",2025-05-17,fastball
